schemaTuple,visited,timesVisited,id
querywebhook,True,2,60266ab2-c801-5b24-8323-04c77978eaaf
querywebhookevents,False,0,
querywebhooksamplepayload,False,0,
querywarehouse,True,4,b745eb61-8ebb-5dfe-86cd-c5df52821d23
querywarehouses,True,6,8066442d-d5c3-54fe-bea1-3caaab6410ec
querytranslations,False,0,
querytranslation,False,0,
querystock,False,0,
querystocks,False,0,
queryshop,True,9,3294a9bc-8752-515f-aff2-daac7c736598
queryshippingzone,False,0,
queryshippingzones,True,1,8e3d7973-6525-520c-9788-e69dca22add3
querydigitalcontent,False,0,
querydigitalcontents,False,0,
queryattributes,True,53,abbb5a1a-9bf6-515c-b736-94054e370f68
queryattribute,True,2,6deda921-8aaf-5217-8b24-91582467814a
querycategories,True,27,e4e7084e-b994-55e8-a8e5-77366e8926bf
querycategory,True,43,abbb5a1a-9bf6-515c-b736-94054e370f68
querycollection,True,11,34227c34-2c4b-5544-a912-b29c79852e46
querycollections,True,8,c80c2b78-658f-5fba-8558-cff8ddd82c3d
queryproduct,True,16,aab5d543-5d43-5852-9dc6-de6993ce09c3
queryproducts,True,71,b659efb9-bdb4-5d65-a4f3-d1dc2d69a1fe
queryproducttype,True,6,f04538ab-2373-5e10-9504-8de3d3632e73
queryproducttypes,True,5,2f06f8f2-e133-54e6-9a86-48ed8c93c02d
queryproductvariant,True,1,0e993b0d-8154-5867-a1ad-f841abd6d178
queryproductvariants,True,8,fde2fd5f-b03b-53c5-8d01-0ef066c70882
queryreportproductsales,True,1,26f38406-14ac-5aa1-bd63-cc80a43d0e85
querypayment,False,0,
querypayments,False,0,
querypage,True,3,1789c80c-e3ac-57d3-8e3e-0dc894bba1a5
querypages,True,9,cd2250b5-f0c6-5ee0-9496-49c4dfe02e45
queryhomepageevents,True,1,26f38406-14ac-5aa1-bd63-cc80a43d0e85
queryorder,True,13,38c4706b-23db-5922-9852-b0856018ec3b
queryorders,True,10,74f9ea04-b54c-5305-ad88-1420c0e9f2c1
querydraftorders,True,1,021b168f-c1e0-5dae-96fa-8f48c76d685b
queryorderstotal,True,1,26f38406-14ac-5aa1-bd63-cc80a43d0e85
queryorderbytoken,True,4,7cb4bf3d-e621-5c8b-bf51-51d512a56a7d
querymenu,True,2,e4878bc5-cf6f-5290-8403-b17f788b3985
querymenus,True,2,6bd882d1-c94c-5d1b-9c4a-4e8f02a79b47
querymenuitem,False,0,
querymenuitems,False,0,
querygiftcard,False,0,
querygiftcards,False,0,
queryplugin,True,5,318fabe5-01ec-5c56-bba9-429ea0b11e42
queryplugins,True,6,71ef9598-fc8c-54a0-8777-9c87409deeb7
querysale,False,0,
querysales,True,4,9e47fdf0-8381-54c5-ad61-17dcef1a425d
queryvoucher,False,0,
queryvouchers,True,4,36592a3b-783b-53b9-a5fc-788df4c17841
queryexportfile,True,1,f8c6cf23-86b1-528c-a104-347ee9d60d72
queryexportfiles,False,0,
querytaxtypes,True,2,2367594c-e4f7-5fb3-9d1d-780a31269703
querycheckout,False,0,
querycheckouts,False,0,
querycheckoutline,False,0,
querycheckoutlines,False,0,
queryappsinstallations,True,1,903717b2-9f4f-507d-a042-550a6f28c226
queryapps,True,2,9ee172d0-207c-546e-a8de-772d127eee76
queryapp,True,1,15d37756-9074-5ae7-8ae0-d002b9b3c916
queryaddressvalidationrules,False,0,
queryaddress,False,0,
querycustomers,True,28,e56b5d25-c288-56c1-b957-e3ad1a162c87
querypermissiongroups,True,3,2fdb73f4-d771-5e1c-b202-64d981b4f963
querypermissiongroup,True,9,a6ed9b4a-ef69-5b41-ad93-25d8b4e35ec5
queryme,True,4,d6f254aa-3f13-57f7-ba3d-a9803751676b
querystaffusers,True,2,ce3b0ea1-76e5-57fe-a7eb-ad52289c7598
queryuser,True,20,e4cc9dea-eb43-53ae-a758-052f7f1cad97
query_entities,False,0,
query_service,False,0,
webhookname,True,3,60266ab2-c801-5b24-8323-04c77978eaaf
webhooktargeturl,True,2,60266ab2-c801-5b24-8323-04c77978eaaf
webhookisactive,True,3,60266ab2-c801-5b24-8323-04c77978eaaf
webhooksecretkey,True,2,60266ab2-c801-5b24-8323-04c77978eaaf
webhookid,True,3,60266ab2-c801-5b24-8323-04c77978eaaf
webhookevents,True,2,60266ab2-c801-5b24-8323-04c77978eaaf
webhookapp,True,3,60266ab2-c801-5b24-8323-04c77978eaaf
nodeid,False,0,
webhookeventeventtype,True,2,60266ab2-c801-5b24-8323-04c77978eaaf
webhookeventname,False,0,
serviceaccountid,False,0,
serviceaccountname,False,0,
serviceaccountcreated,False,0,
serviceaccountisactive,False,0,
serviceaccountpermissions,False,0,
serviceaccounttokens,False,0,
serviceaccountprivatemetadata,False,0,
serviceaccountmetadata,False,0,
objectwithmetadataprivatemetadata,True,9,1146ff2a-92ed-5954-b529-eba1c7e85852
objectwithmetadatametadata,True,9,1146ff2a-92ed-5954-b529-eba1c7e85852
metadataitemkey,True,11,1146ff2a-92ed-5954-b529-eba1c7e85852
metadataitemvalue,True,11,1146ff2a-92ed-5954-b529-eba1c7e85852
metastorenamespace,False,0,
metastoreclients,False,0,
metaclientstorename,False,0,
metaclientstoremetadata,False,0,
metaitemkey,False,0,
metaitemvalue,False,0,
permissioncode,True,11,a6ed9b4a-ef69-5b41-ad93-25d8b4e35ec5
permissionname,True,11,a6ed9b4a-ef69-5b41-ad93-25d8b4e35ec5
serviceaccounttokenname,False,0,
serviceaccounttokenauthtoken,False,0,
serviceaccounttokenid,False,0,
appid,True,6,60266ab2-c801-5b24-8323-04c77978eaaf
appname,True,6,60266ab2-c801-5b24-8323-04c77978eaaf
appcreated,True,1,15d37756-9074-5ae7-8ae0-d002b9b3c916
appisactive,True,3,9ee172d0-207c-546e-a8de-772d127eee76
apppermissions,True,1,15d37756-9074-5ae7-8ae0-d002b9b3c916
apptokens,True,1,15d37756-9074-5ae7-8ae0-d002b9b3c916
appprivatemetadata,True,1,15d37756-9074-5ae7-8ae0-d002b9b3c916
appmetadata,True,1,15d37756-9074-5ae7-8ae0-d002b9b3c916
apptype,True,3,9ee172d0-207c-546e-a8de-772d127eee76
appwebhooks,True,1,15d37756-9074-5ae7-8ae0-d002b9b3c916
appaboutapp,True,1,15d37756-9074-5ae7-8ae0-d002b9b3c916
appdataprivacy,True,1,15d37756-9074-5ae7-8ae0-d002b9b3c916
appdataprivacyurl,True,1,15d37756-9074-5ae7-8ae0-d002b9b3c916
apphomepageurl,True,1,15d37756-9074-5ae7-8ae0-d002b9b3c916
appsupporturl,True,1,15d37756-9074-5ae7-8ae0-d002b9b3c916
appconfigurationurl,True,1,15d37756-9074-5ae7-8ae0-d002b9b3c916
appappurl,True,1,15d37756-9074-5ae7-8ae0-d002b9b3c916
appversion,True,1,15d37756-9074-5ae7-8ae0-d002b9b3c916
appaccesstoken,True,1,15d37756-9074-5ae7-8ae0-d002b9b3c916
apptokenname,True,1,15d37756-9074-5ae7-8ae0-d002b9b3c916
apptokenauthtoken,True,1,15d37756-9074-5ae7-8ae0-d002b9b3c916
apptokenid,True,1,15d37756-9074-5ae7-8ae0-d002b9b3c916
webhookcountableconnectionpageinfo,False,0,
webhookcountableconnectionedges,False,0,
webhookcountableconnectiontotalcount,False,0,
pageinfohasnextpage,True,190,b659efb9-bdb4-5d65-a4f3-d1dc2d69a1fe
pageinfohaspreviouspage,True,188,b659efb9-bdb4-5d65-a4f3-d1dc2d69a1fe
pageinfostartcursor,True,188,b659efb9-bdb4-5d65-a4f3-d1dc2d69a1fe
pageinfoendcursor,True,190,b659efb9-bdb4-5d65-a4f3-d1dc2d69a1fe
webhookcountableedgenode,False,0,
webhookcountableedgecursor,False,0,
warehouseid,True,32,2367594c-e4f7-5fb3-9d1d-780a31269703
warehousename,True,12,2367594c-e4f7-5fb3-9d1d-780a31269703
warehouseslug,False,0,
warehousecompanyname,False,0,
warehouseshippingzones,True,8,8066442d-d5c3-54fe-bea1-3caaab6410ec
warehouseaddress,True,4,b745eb61-8ebb-5dfe-86cd-c5df52821d23
warehouseemail,False,0,
shippingzonecountableconnectionpageinfo,True,1,8e3d7973-6525-520c-9788-e69dca22add3
shippingzonecountableconnectionedges,True,9,8066442d-d5c3-54fe-bea1-3caaab6410ec
shippingzonecountableconnectiontotalcount,False,0,
shippingzonecountableedgenode,True,9,8066442d-d5c3-54fe-bea1-3caaab6410ec
shippingzonecountableedgecursor,False,0,
shippingzoneid,True,9,8066442d-d5c3-54fe-bea1-3caaab6410ec
shippingzonename,True,9,8066442d-d5c3-54fe-bea1-3caaab6410ec
shippingzonedefault,False,0,
shippingzonepricerange,False,0,
shippingzonecountries,True,1,8e3d7973-6525-520c-9788-e69dca22add3
shippingzoneshippingmethods,False,0,
shippingzonewarehouses,False,0,
moneyrangestart,True,1,2367594c-e4f7-5fb3-9d1d-780a31269703
moneyrangestop,True,1,2367594c-e4f7-5fb3-9d1d-780a31269703
moneycurrency,True,197,b659efb9-bdb4-5d65-a4f3-d1dc2d69a1fe
moneyamount,True,197,b659efb9-bdb4-5d65-a4f3-d1dc2d69a1fe
countrydisplaycode,True,38,d6f254aa-3f13-57f7-ba3d-a9803751676b
countrydisplaycountry,True,38,d6f254aa-3f13-57f7-ba3d-a9803751676b
countrydisplayvat,True,1,8cb61222-0e81-5b62-a801-6475f5cb7288
vatcountrycode,False,0,
vatstandardrate,True,1,8cb61222-0e81-5b62-a801-6475f5cb7288
vatreducedrates,True,1,8cb61222-0e81-5b62-a801-6475f5cb7288
reducedraterate,True,1,8cb61222-0e81-5b62-a801-6475f5cb7288
reducedrateratetype,True,1,8cb61222-0e81-5b62-a801-6475f5cb7288
shippingmethodid,True,1,ae3b2f4d-21fe-53aa-9ce0-b29d621d849a
shippingmethodname,True,1,ae3b2f4d-21fe-53aa-9ce0-b29d621d849a
shippingmethodprice,True,1,ae3b2f4d-21fe-53aa-9ce0-b29d621d849a
shippingmethodminimumorderprice,False,0,
shippingmethodmaximumorderprice,False,0,
shippingmethodminimumorderweight,False,0,
shippingmethodmaximumorderweight,False,0,
shippingmethodtype,False,0,
shippingmethodtranslation,False,0,
weightunit,True,2,2367594c-e4f7-5fb3-9d1d-780a31269703
weightvalue,True,2,2367594c-e4f7-5fb3-9d1d-780a31269703
shippingmethodtranslationid,False,0,
shippingmethodtranslationname,False,0,
shippingmethodtranslationlanguage,False,0,
languagedisplaycode,True,8,9e47fdf0-8381-54c5-ad61-17dcef1a425d
languagedisplaylanguage,True,21,19bf81c6-5af8-5654-823f-cc9970b2ab14
addressid,True,38,d6f254aa-3f13-57f7-ba3d-a9803751676b
addressfirstname,True,30,d6f254aa-3f13-57f7-ba3d-a9803751676b
addresslastname,True,30,d6f254aa-3f13-57f7-ba3d-a9803751676b
addresscompanyname,True,30,d6f254aa-3f13-57f7-ba3d-a9803751676b
addressstreetaddress1,True,30,d6f254aa-3f13-57f7-ba3d-a9803751676b
addressstreetaddress2,True,30,d6f254aa-3f13-57f7-ba3d-a9803751676b
addresscity,True,30,d6f254aa-3f13-57f7-ba3d-a9803751676b
addresscityarea,True,24,021b168f-c1e0-5dae-96fa-8f48c76d685b
addresspostalcode,True,30,d6f254aa-3f13-57f7-ba3d-a9803751676b
addresscountry,True,30,d6f254aa-3f13-57f7-ba3d-a9803751676b
addresscountryarea,True,30,d6f254aa-3f13-57f7-ba3d-a9803751676b
addressphone,True,30,d6f254aa-3f13-57f7-ba3d-a9803751676b
addressisdefaultshippingaddress,True,6,d6f254aa-3f13-57f7-ba3d-a9803751676b
addressisdefaultbillingaddress,True,6,d6f254aa-3f13-57f7-ba3d-a9803751676b
warehousecountableconnectionpageinfo,True,5,8066442d-d5c3-54fe-bea1-3caaab6410ec
warehousecountableconnectionedges,True,6,8066442d-d5c3-54fe-bea1-3caaab6410ec
warehousecountableconnectiontotalcount,False,0,
warehousecountableedgenode,True,6,8066442d-d5c3-54fe-bea1-3caaab6410ec
warehousecountableedgecursor,False,0,
translatableitemconnectionpageinfo,False,0,
translatableitemconnectionedges,False,0,
translatableitemconnectiontotalcount,False,0,
translatableitemedgenode,False,0,
translatableitemedgecursor,False,0,
producttranslatablecontentid,False,0,
producttranslatablecontentseotitle,False,0,
producttranslatablecontentseodescription,False,0,
producttranslatablecontentname,False,0,
producttranslatablecontentdescription,False,0,
producttranslatablecontentdescriptionjson,False,0,
producttranslatablecontenttranslation,False,0,
producttranslatablecontentproduct,False,0,
producttranslationid,True,2,2f0c97aa-19e3-5e5a-8fec-50e3dd59c7d9
producttranslationseotitle,True,2,2f0c97aa-19e3-5e5a-8fec-50e3dd59c7d9
producttranslationseodescription,True,2,2f0c97aa-19e3-5e5a-8fec-50e3dd59c7d9
producttranslationname,True,2,2f0c97aa-19e3-5e5a-8fec-50e3dd59c7d9
producttranslationdescription,False,0,
producttranslationdescriptionjson,True,2,2f0c97aa-19e3-5e5a-8fec-50e3dd59c7d9
producttranslationlanguage,True,2,2f0c97aa-19e3-5e5a-8fec-50e3dd59c7d9
productid,True,113,b659efb9-bdb4-5d65-a4f3-d1dc2d69a1fe
productseotitle,True,17,aab5d543-5d43-5852-9dc6-de6993ce09c3
productseodescription,True,17,aab5d543-5d43-5852-9dc6-de6993ce09c3
productname,True,112,b659efb9-bdb4-5d65-a4f3-d1dc2d69a1fe
productdescription,False,0,
productdescriptionjson,True,17,aab5d543-5d43-5852-9dc6-de6993ce09c3
productpublicationdate,True,1,2367594c-e4f7-5fb3-9d1d-780a31269703
productproducttype,True,23,fde2fd5f-b03b-53c5-8d01-0ef066c70882
productslug,True,1,2367594c-e4f7-5fb3-9d1d-780a31269703
productcategory,True,76,b659efb9-bdb4-5d65-a4f3-d1dc2d69a1fe
productupdatedat,False,0,
productchargetaxes,True,1,2367594c-e4f7-5fb3-9d1d-780a31269703
productweight,True,1,2367594c-e4f7-5fb3-9d1d-780a31269703
productavailableforpurchase,True,15,aab5d543-5d43-5852-9dc6-de6993ce09c3
productvisibleinlistings,True,1,2367594c-e4f7-5fb3-9d1d-780a31269703
productdefaultvariant,True,3,2367594c-e4f7-5fb3-9d1d-780a31269703
productprivatemetadata,False,0,
productmetadata,False,0,
productthumbnail,True,186,b659efb9-bdb4-5d65-a4f3-d1dc2d69a1fe
productpricing,True,73,b659efb9-bdb4-5d65-a4f3-d1dc2d69a1fe
productisavailable,True,22,1146ff2a-92ed-5954-b529-eba1c7e85852
productminimalvariantprice,False,0,
producttaxtype,True,1,2367594c-e4f7-5fb3-9d1d-780a31269703
productattributes,True,19,aab5d543-5d43-5852-9dc6-de6993ce09c3
productpurchasecost,True,1,2367594c-e4f7-5fb3-9d1d-780a31269703
productmargin,True,1,2367594c-e4f7-5fb3-9d1d-780a31269703
productimagebyid,False,0,
productvariants,True,18,aab5d543-5d43-5852-9dc6-de6993ce09c3
productimages,True,16,aab5d543-5d43-5852-9dc6-de6993ce09c3
productcollections,True,1,2367594c-e4f7-5fb3-9d1d-780a31269703
producttranslation,True,2,2f0c97aa-19e3-5e5a-8fec-50e3dd59c7d9
productisavailableforpurchase,True,15,aab5d543-5d43-5852-9dc6-de6993ce09c3
productispublished,True,4,2367594c-e4f7-5fb3-9d1d-780a31269703
producttypeid,True,34,fde2fd5f-b03b-53c5-8d01-0ef066c70882
producttypename,True,13,1146ff2a-92ed-5954-b529-eba1c7e85852
producttypeslug,False,0,
producttypehasvariants,True,6,2367594c-e4f7-5fb3-9d1d-780a31269703
producttypeisshippingrequired,True,14,fde2fd5f-b03b-53c5-8d01-0ef066c70882
producttypeisdigital,False,0,
producttypeweight,False,0,
producttypeprivatemetadata,False,0,
producttypemetadata,False,0,
producttypeproducts,False,0,
producttypetaxrate,False,0,
producttypetaxtype,True,3,2367594c-e4f7-5fb3-9d1d-780a31269703
producttypevariantattributes,True,4,2367594c-e4f7-5fb3-9d1d-780a31269703
producttypeproductattributes,True,3,2f06f8f2-e133-54e6-9a86-48ed8c93c02d
producttypeavailableattributes,True,6,f04538ab-2373-5e10-9504-8de3d3632e73
productcountableconnectionpageinfo,True,74,b659efb9-bdb4-5d65-a4f3-d1dc2d69a1fe
productcountableconnectionedges,True,93,b659efb9-bdb4-5d65-a4f3-d1dc2d69a1fe
productcountableconnectiontotalcount,True,58,b659efb9-bdb4-5d65-a4f3-d1dc2d69a1fe
productcountableedgenode,True,93,b659efb9-bdb4-5d65-a4f3-d1dc2d69a1fe
productcountableedgecursor,True,4,1146ff2a-92ed-5954-b529-eba1c7e85852
taxtypedescription,True,4,2367594c-e4f7-5fb3-9d1d-780a31269703
taxtypetaxcode,True,4,2367594c-e4f7-5fb3-9d1d-780a31269703
attributeid,True,113,abbb5a1a-9bf6-515c-b736-94054e370f68
attributeproducttypes,False,0,
attributeproductvarianttypes,False,0,
attributeprivatemetadata,False,0,
attributemetadata,False,0,
attributeinputtype,True,5,2367594c-e4f7-5fb3-9d1d-780a31269703
attributename,True,110,abbb5a1a-9bf6-515c-b736-94054e370f68
attributeslug,True,67,abbb5a1a-9bf6-515c-b736-94054e370f68
attributevalues,True,51,abbb5a1a-9bf6-515c-b736-94054e370f68
attributevaluerequired,True,6,2367594c-e4f7-5fb3-9d1d-780a31269703
attributevisibleinstorefront,True,3,6deda921-8aaf-5217-8b24-91582467814a
attributefilterableinstorefront,True,3,6deda921-8aaf-5217-8b24-91582467814a
attributefilterableindashboard,True,3,6deda921-8aaf-5217-8b24-91582467814a
attributeavailableingrid,True,2,6deda921-8aaf-5217-8b24-91582467814a
attributetranslation,True,2,750c5a5f-7b07-5dc0-b108-aba10e026cf0
attributestorefrontsearchposition,True,2,6deda921-8aaf-5217-8b24-91582467814a
producttypecountableconnectionpageinfo,True,4,2f06f8f2-e133-54e6-9a86-48ed8c93c02d
producttypecountableconnectionedges,True,5,2f06f8f2-e133-54e6-9a86-48ed8c93c02d
producttypecountableconnectiontotalcount,False,0,
producttypecountableedgenode,True,5,2f06f8f2-e133-54e6-9a86-48ed8c93c02d
producttypecountableedgecursor,False,0,
attributevalueid,True,109,abbb5a1a-9bf6-515c-b736-94054e370f68
attributevaluename,True,136,abbb5a1a-9bf6-515c-b736-94054e370f68
attributevalueslug,True,52,abbb5a1a-9bf6-515c-b736-94054e370f68
attributevaluetranslation,True,2,750c5a5f-7b07-5dc0-b108-aba10e026cf0
attributevalueinputtype,False,0,
attributevaluetranslationid,True,2,750c5a5f-7b07-5dc0-b108-aba10e026cf0
attributevaluetranslationname,True,2,750c5a5f-7b07-5dc0-b108-aba10e026cf0
attributevaluetranslationlanguage,False,0,
attributetranslationid,True,2,750c5a5f-7b07-5dc0-b108-aba10e026cf0
attributetranslationname,True,2,750c5a5f-7b07-5dc0-b108-aba10e026cf0
attributetranslationlanguage,False,0,
attributecountableconnectionpageinfo,True,13,c300ed7a-d946-5621-9699-9187f7ce1f94
attributecountableconnectionedges,True,59,abbb5a1a-9bf6-515c-b736-94054e370f68
attributecountableconnectiontotalcount,True,6,c300ed7a-d946-5621-9699-9187f7ce1f94
attributecountableedgenode,True,59,abbb5a1a-9bf6-515c-b736-94054e370f68
attributecountableedgecursor,False,0,
categoryseotitle,True,49,abbb5a1a-9bf6-515c-b736-94054e370f68
categoryseodescription,True,49,abbb5a1a-9bf6-515c-b736-94054e370f68
categoryid,True,191,b659efb9-bdb4-5d65-a4f3-d1dc2d69a1fe
categoryname,True,187,b659efb9-bdb4-5d65-a4f3-d1dc2d69a1fe
categorydescription,False,0,
categorydescriptionjson,True,15,1146ff2a-92ed-5954-b529-eba1c7e85852
categoryslug,True,4,1146ff2a-92ed-5954-b529-eba1c7e85852
categoryparent,True,4,1146ff2a-92ed-5954-b529-eba1c7e85852
categorylevel,False,0,
categoryprivatemetadata,False,0,
categorymetadata,False,0,
categoryancestors,True,34,abbb5a1a-9bf6-515c-b736-94054e370f68
categoryproducts,True,23,1146ff2a-92ed-5954-b529-eba1c7e85852
categorychildren,True,9,1146ff2a-92ed-5954-b529-eba1c7e85852
categorybackgroundimage,True,38,abbb5a1a-9bf6-515c-b736-94054e370f68
categorytranslation,True,11,19bf81c6-5af8-5654-823f-cc9970b2ab14
categorycountableconnectionpageinfo,True,25,e4e7084e-b994-55e8-a8e5-77366e8926bf
categorycountableconnectionedges,True,65,abbb5a1a-9bf6-515c-b736-94054e370f68
categorycountableconnectiontotalcount,True,5,1146ff2a-92ed-5954-b529-eba1c7e85852
categorycountableedgenode,True,65,abbb5a1a-9bf6-515c-b736-94054e370f68
categorycountableedgecursor,False,0,
imageurl,True,254,b659efb9-bdb4-5d65-a4f3-d1dc2d69a1fe
imagealt,True,90,b659efb9-bdb4-5d65-a4f3-d1dc2d69a1fe
categorytranslationseotitle,True,11,19bf81c6-5af8-5654-823f-cc9970b2ab14
categorytranslationseodescription,True,11,19bf81c6-5af8-5654-823f-cc9970b2ab14
categorytranslationid,True,11,19bf81c6-5af8-5654-823f-cc9970b2ab14
categorytranslationname,True,11,19bf81c6-5af8-5654-823f-cc9970b2ab14
categorytranslationdescription,False,0,
categorytranslationdescriptionjson,True,11,19bf81c6-5af8-5654-823f-cc9970b2ab14
categorytranslationlanguage,True,11,19bf81c6-5af8-5654-823f-cc9970b2ab14
productvariantid,True,48,fde2fd5f-b03b-53c5-8d01-0ef066c70882
productvariantname,True,42,fde2fd5f-b03b-53c5-8d01-0ef066c70882
productvariantsku,True,42,fde2fd5f-b03b-53c5-8d01-0ef066c70882
productvariantproduct,True,17,fde2fd5f-b03b-53c5-8d01-0ef066c70882
productvarianttrackinventory,True,12,2367594c-e4f7-5fb3-9d1d-780a31269703
productvariantweight,True,1,0e993b0d-8154-5867-a1ad-f841abd6d178
productvariantprivatemetadata,False,0,
productvariantmetadata,False,0,
productvariantprice,True,2,2367594c-e4f7-5fb3-9d1d-780a31269703
productvariantpricing,True,29,fde2fd5f-b03b-53c5-8d01-0ef066c70882
productvariantattributes,True,39,fde2fd5f-b03b-53c5-8d01-0ef066c70882
productvariantcostprice,True,1,0e993b0d-8154-5867-a1ad-f841abd6d178
productvariantmargin,True,1,2367594c-e4f7-5fb3-9d1d-780a31269703
productvariantquantityordered,True,1,26f38406-14ac-5aa1-bd63-cc80a43d0e85
productvariantrevenue,True,1,26f38406-14ac-5aa1-bd63-cc80a43d0e85
productvariantimages,True,16,aab5d543-5d43-5852-9dc6-de6993ce09c3
productvarianttranslation,False,0,
productvariantdigitalcontent,False,0,
productvariantstocks,True,12,2367594c-e4f7-5fb3-9d1d-780a31269703
productvariantquantityavailable,True,27,fde2fd5f-b03b-53c5-8d01-0ef066c70882
variantpricinginfoonsale,True,27,fde2fd5f-b03b-53c5-8d01-0ef066c70882
variantpricinginfodiscount,False,0,
variantpricinginfodiscountlocalcurrency,False,0,
variantpricinginfoprice,True,27,fde2fd5f-b03b-53c5-8d01-0ef066c70882
variantpricinginfopriceundiscounted,True,29,fde2fd5f-b03b-53c5-8d01-0ef066c70882
variantpricinginfopricelocalcurrency,False,0,
taxedmoneycurrency,True,8,7cb4bf3d-e621-5c8b-bf51-51d512a56a7d
taxedmoneygross,True,119,b659efb9-bdb4-5d65-a4f3-d1dc2d69a1fe
taxedmoneynet,True,84,b659efb9-bdb4-5d65-a4f3-d1dc2d69a1fe
taxedmoneytax,False,0,
selectedattributeattribute,True,47,fde2fd5f-b03b-53c5-8d01-0ef066c70882
selectedattributevalues,True,58,fde2fd5f-b03b-53c5-8d01-0ef066c70882
productimageid,True,32,aab5d543-5d43-5852-9dc6-de6993ce09c3
productimagesortorder,True,2,2367594c-e4f7-5fb3-9d1d-780a31269703
productimagealt,True,30,aab5d543-5d43-5852-9dc6-de6993ce09c3
productimageurl,True,32,aab5d543-5d43-5852-9dc6-de6993ce09c3
productvarianttranslationid,False,0,
productvarianttranslationname,False,0,
productvarianttranslationlanguage,False,0,
digitalcontentusedefaultsettings,False,0,
digitalcontentautomaticfulfillment,False,0,
digitalcontentproductvariant,False,0,
digitalcontentcontentfile,False,0,
digitalcontentmaxdownloads,False,0,
digitalcontenturlvaliddays,False,0,
digitalcontenturls,False,0,
digitalcontentid,False,0,
digitalcontentprivatemetadata,False,0,
digitalcontentmetadata,False,0,
digitalcontenturlcontent,False,0,
digitalcontenturlcreated,False,0,
digitalcontenturldownloadnum,False,0,
digitalcontenturlid,False,0,
digitalcontenturlurl,False,0,
digitalcontenturltoken,False,0,
stockwarehouse,True,12,2367594c-e4f7-5fb3-9d1d-780a31269703
stockproductvariant,False,0,
stockquantity,True,12,2367594c-e4f7-5fb3-9d1d-780a31269703
stockid,True,12,2367594c-e4f7-5fb3-9d1d-780a31269703
stockquantityallocated,True,12,2367594c-e4f7-5fb3-9d1d-780a31269703
productpricinginfoonsale,True,63,b659efb9-bdb4-5d65-a4f3-d1dc2d69a1fe
productpricinginfodiscount,False,0,
productpricinginfodiscountlocalcurrency,False,0,
productpricinginfopricerange,True,63,b659efb9-bdb4-5d65-a4f3-d1dc2d69a1fe
productpricinginfopricerangeundiscounted,True,73,b659efb9-bdb4-5d65-a4f3-d1dc2d69a1fe
productpricinginfopricerangelocalcurrency,False,0,
taxedmoneyrangestart,True,136,b659efb9-bdb4-5d65-a4f3-d1dc2d69a1fe
taxedmoneyrangestop,True,136,b659efb9-bdb4-5d65-a4f3-d1dc2d69a1fe
marginstart,True,1,2367594c-e4f7-5fb3-9d1d-780a31269703
marginstop,True,1,2367594c-e4f7-5fb3-9d1d-780a31269703
collectionseotitle,True,7,34227c34-2c4b-5544-a912-b29c79852e46
collectionseodescription,True,7,34227c34-2c4b-5544-a912-b29c79852e46
collectionid,True,23,e4878bc5-cf6f-5290-8403-b17f788b3985
collectionname,True,18,e4878bc5-cf6f-5290-8403-b17f788b3985
collectiondescription,False,0,
collectiondescriptionjson,True,2,db4f0f3b-19a7-5155-a307-bd0020f9c5d3
collectionpublicationdate,True,5,c80c2b78-658f-5fba-8558-cff8ddd82c3d
collectionslug,True,5,34227c34-2c4b-5544-a912-b29c79852e46
collectionprivatemetadata,False,0,
collectionmetadata,False,0,
collectionproducts,True,6,8a53e3f0-038a-5a80-b075-08e0c158c834
collectionbackgroundimage,True,5,34227c34-2c4b-5544-a912-b29c79852e46
collectiontranslation,True,2,db4f0f3b-19a7-5155-a307-bd0020f9c5d3
collectionispublished,True,6,c80c2b78-658f-5fba-8558-cff8ddd82c3d
collectiontranslationseotitle,True,2,db4f0f3b-19a7-5155-a307-bd0020f9c5d3
collectiontranslationseodescription,True,2,db4f0f3b-19a7-5155-a307-bd0020f9c5d3
collectiontranslationid,True,2,db4f0f3b-19a7-5155-a307-bd0020f9c5d3
collectiontranslationname,True,2,db4f0f3b-19a7-5155-a307-bd0020f9c5d3
collectiontranslationdescription,False,0,
collectiontranslationdescriptionjson,True,2,db4f0f3b-19a7-5155-a307-bd0020f9c5d3
collectiontranslationlanguage,True,2,db4f0f3b-19a7-5155-a307-bd0020f9c5d3
collectiontranslatablecontentseotitle,False,0,
collectiontranslatablecontentseodescription,False,0,
collectiontranslatablecontentid,False,0,
collectiontranslatablecontentname,False,0,
collectiontranslatablecontentdescription,False,0,
collectiontranslatablecontentdescriptionjson,False,0,
collectiontranslatablecontenttranslation,False,0,
collectiontranslatablecontentcollection,False,0,
categorytranslatablecontentseotitle,False,0,
categorytranslatablecontentseodescription,False,0,
categorytranslatablecontentid,False,0,
categorytranslatablecontentname,False,0,
categorytranslatablecontentdescription,False,0,
categorytranslatablecontentdescriptionjson,False,0,
categorytranslatablecontenttranslation,False,0,
categorytranslatablecontentcategory,False,0,
attributetranslatablecontentid,False,0,
attributetranslatablecontentname,False,0,
attributetranslatablecontenttranslation,False,0,
attributetranslatablecontentattribute,False,0,
attributevaluetranslatablecontentid,False,0,
attributevaluetranslatablecontentname,False,0,
attributevaluetranslatablecontenttranslation,False,0,
attributevaluetranslatablecontentattributevalue,False,0,
productvarianttranslatablecontentid,False,0,
productvarianttranslatablecontentname,False,0,
productvarianttranslatablecontenttranslation,False,0,
productvarianttranslatablecontentproductvariant,False,0,
pagetranslatablecontentseotitle,False,0,
pagetranslatablecontentseodescription,False,0,
pagetranslatablecontentid,False,0,
pagetranslatablecontenttitle,False,0,
pagetranslatablecontentcontent,False,0,
pagetranslatablecontentcontentjson,False,0,
pagetranslatablecontenttranslation,False,0,
pagetranslatablecontentpage,False,0,
pagetranslationseotitle,True,2,67d4f373-2df9-5050-9cc6-8475ff84b884
pagetranslationseodescription,True,2,67d4f373-2df9-5050-9cc6-8475ff84b884
pagetranslationid,True,2,67d4f373-2df9-5050-9cc6-8475ff84b884
pagetranslationtitle,True,2,67d4f373-2df9-5050-9cc6-8475ff84b884
pagetranslationcontent,False,0,
pagetranslationcontentjson,True,2,67d4f373-2df9-5050-9cc6-8475ff84b884
pagetranslationlanguage,True,2,67d4f373-2df9-5050-9cc6-8475ff84b884
pageseotitle,True,5,1789c80c-e3ac-57d3-8e3e-0dc894bba1a5
pageseodescription,True,5,1789c80c-e3ac-57d3-8e3e-0dc894bba1a5
pageid,True,14,e4878bc5-cf6f-5290-8403-b17f788b3985
pagetitle,True,14,e4878bc5-cf6f-5290-8403-b17f788b3985
pagecontent,False,0,
pagecontentjson,True,5,1789c80c-e3ac-57d3-8e3e-0dc894bba1a5
pagepublicationdate,True,1,692122f1-be71-5d3b-acf3-c14f2f33e03e
pageslug,True,11,cd2250b5-f0c6-5ee0-9496-49c4dfe02e45
pagecreated,False,0,
pageprivatemetadata,False,0,
pagemetadata,False,0,
pagetranslation,True,2,67d4f373-2df9-5050-9cc6-8475ff84b884
pageispublished,True,8,cd2250b5-f0c6-5ee0-9496-49c4dfe02e45
shippingmethodtranslatablecontentid,False,0,
shippingmethodtranslatablecontentname,False,0,
shippingmethodtranslatablecontenttranslation,False,0,
shippingmethodtranslatablecontentshippingmethod,False,0,
saletranslatablecontentid,False,0,
saletranslatablecontentname,False,0,
saletranslatablecontenttranslation,False,0,
saletranslatablecontentsale,False,0,
saletranslationid,True,1,9e47fdf0-8381-54c5-ad61-17dcef1a425d
saletranslationname,True,1,9e47fdf0-8381-54c5-ad61-17dcef1a425d
saletranslationlanguage,True,1,9e47fdf0-8381-54c5-ad61-17dcef1a425d
saleid,True,4,9e47fdf0-8381-54c5-ad61-17dcef1a425d
salename,True,4,9e47fdf0-8381-54c5-ad61-17dcef1a425d
saletype,True,3,6ee4b3ce-80b5-521d-bca0-1cf5eb836e2d
salevalue,True,3,6ee4b3ce-80b5-521d-bca0-1cf5eb836e2d
salestartdate,True,3,6ee4b3ce-80b5-521d-bca0-1cf5eb836e2d
saleenddate,True,3,6ee4b3ce-80b5-521d-bca0-1cf5eb836e2d
salecategories,False,0,
salecollections,False,0,
saleproducts,False,0,
saletranslation,True,1,9e47fdf0-8381-54c5-ad61-17dcef1a425d
collectioncountableconnectionpageinfo,True,2,5ee02229-bef7-53ab-acac-72cd4f73b763
collectioncountableconnectionedges,True,8,c80c2b78-658f-5fba-8558-cff8ddd82c3d
collectioncountableconnectiontotalcount,False,0,
collectioncountableedgenode,True,8,c80c2b78-658f-5fba-8558-cff8ddd82c3d
collectioncountableedgecursor,False,0,
vouchertranslatablecontentid,False,0,
vouchertranslatablecontentname,False,0,
vouchertranslatablecontenttranslation,False,0,
vouchertranslatablecontentvoucher,False,0,
vouchertranslationid,True,2,36592a3b-783b-53b9-a5fc-788df4c17841
vouchertranslationname,True,2,36592a3b-783b-53b9-a5fc-788df4c17841
vouchertranslationlanguage,True,2,36592a3b-783b-53b9-a5fc-788df4c17841
voucherid,True,4,36592a3b-783b-53b9-a5fc-788df4c17841
vouchername,True,2,36592a3b-783b-53b9-a5fc-788df4c17841
vouchertype,False,0,
vouchercode,True,2,711fba2e-850b-527c-a95b-63a914480743
voucherusagelimit,True,2,711fba2e-850b-527c-a95b-63a914480743
voucherused,False,0,
voucherstartdate,True,2,711fba2e-850b-527c-a95b-63a914480743
voucherenddate,True,2,711fba2e-850b-527c-a95b-63a914480743
voucherapplyonceperorder,False,0,
voucherapplyoncepercustomer,False,0,
voucherdiscountvaluetype,True,2,711fba2e-850b-527c-a95b-63a914480743
voucherdiscountvalue,True,2,711fba2e-850b-527c-a95b-63a914480743
voucherminspent,True,2,711fba2e-850b-527c-a95b-63a914480743
vouchermincheckoutitemsquantity,True,2,711fba2e-850b-527c-a95b-63a914480743
vouchercategories,False,0,
vouchercollections,False,0,
voucherproducts,False,0,
vouchercountries,True,2,711fba2e-850b-527c-a95b-63a914480743
vouchertranslation,True,2,36592a3b-783b-53b9-a5fc-788df4c17841
menuitemtranslatablecontentid,False,0,
menuitemtranslatablecontentname,False,0,
menuitemtranslatablecontenttranslation,False,0,
menuitemtranslatablecontentmenuitem,False,0,
menuitemtranslationid,False,0,
menuitemtranslationname,False,0,
menuitemtranslationlanguage,False,0,
menuitemid,True,6,e4878bc5-cf6f-5290-8403-b17f788b3985
menuitemname,True,3,e4878bc5-cf6f-5290-8403-b17f788b3985
menuitemmenu,False,0,
menuitemparent,True,1,f1332cad-8e77-54ac-98d6-08183e6675c4
menuitemcategory,True,3,e4878bc5-cf6f-5290-8403-b17f788b3985
menuitemcollection,True,3,e4878bc5-cf6f-5290-8403-b17f788b3985
menuitempage,True,3,e4878bc5-cf6f-5290-8403-b17f788b3985
menuitemlevel,True,2,e4878bc5-cf6f-5290-8403-b17f788b3985
menuitemchildren,True,12,e4878bc5-cf6f-5290-8403-b17f788b3985
menuitemurl,True,3,e4878bc5-cf6f-5290-8403-b17f788b3985
menuitemtranslation,False,0,
menuid,True,4,e4878bc5-cf6f-5290-8403-b17f788b3985
menuname,True,4,e4878bc5-cf6f-5290-8403-b17f788b3985
menuslug,False,0,
menuitems,True,4,e4878bc5-cf6f-5290-8403-b17f788b3985
stockcountableconnectionpageinfo,False,0,
stockcountableconnectionedges,False,0,
stockcountableconnectiontotalcount,False,0,
stockcountableedgenode,False,0,
stockcountableedgecursor,False,0,
shopavailablepaymentgateways,False,0,
shopgeolocalization,False,0,
shopauthorizationkeys,True,1,3e407d14-2113-5973-9374-cfad8da056c6
shopcountries,True,4,3e407d14-2113-5973-9374-cfad8da056c6
shopdefaultcountry,True,1,dcca3886-7f6c-5248-b362-cadae731e3ac
shopdefaultmailsendername,True,1,3e407d14-2113-5973-9374-cfad8da056c6
shopdefaultmailsenderaddress,True,1,3e407d14-2113-5973-9374-cfad8da056c6
shopdescription,True,1,3e407d14-2113-5973-9374-cfad8da056c6
shopdomain,True,2,3e407d14-2113-5973-9374-cfad8da056c6
shoplanguages,True,1,dcca3886-7f6c-5248-b362-cadae731e3ac
shopname,True,2,3e407d14-2113-5973-9374-cfad8da056c6
shoppermissions,True,1,dcca3886-7f6c-5248-b362-cadae731e3ac
shopphoneprefixes,False,0,
shopheadertext,False,0,
shopincludetaxesinprices,True,2,8cb61222-0e81-5b62-a801-6475f5cb7288
shopdisplaygrossprices,True,2,8cb61222-0e81-5b62-a801-6475f5cb7288
shopchargetaxesonshipping,True,1,8cb61222-0e81-5b62-a801-6475f5cb7288
shoptrackinventorybydefault,True,1,dcca3886-7f6c-5248-b362-cadae731e3ac
shopdefaultweightunit,True,2,7e689c17-66f1-5175-81f0-26dca2f412ca
shoptranslation,False,0,
shopautomaticfulfillmentdigitalproducts,False,0,
shopdefaultdigitalmaxdownloads,False,0,
shopdefaultdigitalurlvaliddays,False,0,
shopcompanyaddress,True,1,3e407d14-2113-5973-9374-cfad8da056c6
shopcustomersetpasswordurl,True,1,3e407d14-2113-5973-9374-cfad8da056c6
shopstaffnotificationrecipients,False,0,
paymentgatewayname,True,1,ae3b2f4d-21fe-53aa-9ce0-b29d621d849a
paymentgatewayid,True,1,ae3b2f4d-21fe-53aa-9ce0-b29d621d849a
paymentgatewayconfig,True,1,ae3b2f4d-21fe-53aa-9ce0-b29d621d849a
paymentgatewaycurrencies,True,1,ae3b2f4d-21fe-53aa-9ce0-b29d621d849a
gatewayconfiglinefield,True,1,ae3b2f4d-21fe-53aa-9ce0-b29d621d849a
gatewayconfiglinevalue,True,1,ae3b2f4d-21fe-53aa-9ce0-b29d621d849a
geolocalizationcountry,False,0,
authorizationkeyname,True,1,3e407d14-2113-5973-9374-cfad8da056c6
authorizationkeykey,True,1,3e407d14-2113-5973-9374-cfad8da056c6
domainhost,True,2,3e407d14-2113-5973-9374-cfad8da056c6
domainsslenabled,False,0,
domainurl,True,1,dcca3886-7f6c-5248-b362-cadae731e3ac
navigationmain,False,0,
navigationsecondary,False,0,
shoptranslationid,False,0,
shoptranslationheadertext,False,0,
shoptranslationdescription,False,0,
shoptranslationlanguage,False,0,
staffnotificationrecipientuser,False,0,
staffnotificationrecipientactive,False,0,
staffnotificationrecipientid,False,0,
staffnotificationrecipientemail,False,0,
userid,True,66,e56b5d25-c288-56c1-b957-e3ad1a162c87
userlastlogin,True,7,e4cc9dea-eb43-53ae-a758-052f7f1cad97
useremail,True,52,e56b5d25-c288-56c1-b957-e3ad1a162c87
userfirstname,True,62,e56b5d25-c288-56c1-b957-e3ad1a162c87
userlastname,True,62,e56b5d25-c288-56c1-b957-e3ad1a162c87
userisstaff,True,1,d6f254aa-3f13-57f7-ba3d-a9803751676b
userisactive,True,18,ce3b0ea1-76e5-57fe-a7eb-ad52289c7598
usernote,True,7,e4cc9dea-eb43-53ae-a758-052f7f1cad97
userdatejoined,True,7,e4cc9dea-eb43-53ae-a758-052f7f1cad97
userdefaultshippingaddress,True,12,d6f254aa-3f13-57f7-ba3d-a9803751676b
userdefaultbillingaddress,True,12,d6f254aa-3f13-57f7-ba3d-a9803751676b
userprivatemetadata,False,0,
usermetadata,False,0,
useraddresses,True,5,d6f254aa-3f13-57f7-ba3d-a9803751676b
usercheckout,True,1,ae3b2f4d-21fe-53aa-9ce0-b29d621d849a
usergiftcards,False,0,
userorders,True,21,e56b5d25-c288-56c1-b957-e3ad1a162c87
useruserpermissions,True,9,a6ed9b4a-ef69-5b41-ad93-25d8b4e35ec5
userpermissiongroups,False,0,
usereditablegroups,True,9,a6ed9b4a-ef69-5b41-ad93-25d8b4e35ec5
useravatar,True,11,ce3b0ea1-76e5-57fe-a7eb-ad52289c7598
userevents,False,0,
userstoredpaymentsources,False,0,
checkoutcreated,False,0,
checkoutlastchange,False,0,
checkoutuser,False,0,
checkoutquantity,False,0,
checkoutbillingaddress,True,1,ae3b2f4d-21fe-53aa-9ce0-b29d621d849a
checkoutshippingaddress,True,1,ae3b2f4d-21fe-53aa-9ce0-b29d621d849a
checkoutshippingmethod,True,1,ae3b2f4d-21fe-53aa-9ce0-b29d621d849a
checkoutnote,False,0,
checkoutdiscount,True,1,ae3b2f4d-21fe-53aa-9ce0-b29d621d849a
checkoutdiscountname,True,1,ae3b2f4d-21fe-53aa-9ce0-b29d621d849a
checkouttranslateddiscountname,True,1,ae3b2f4d-21fe-53aa-9ce0-b29d621d849a
checkoutvouchercode,True,1,ae3b2f4d-21fe-53aa-9ce0-b29d621d849a
checkoutgiftcards,False,0,
checkoutid,True,1,ae3b2f4d-21fe-53aa-9ce0-b29d621d849a
checkoutprivatemetadata,False,0,
checkoutmetadata,False,0,
checkoutavailableshippingmethods,True,1,ae3b2f4d-21fe-53aa-9ce0-b29d621d849a
checkoutavailablepaymentgateways,True,1,ae3b2f4d-21fe-53aa-9ce0-b29d621d849a
checkoutemail,True,1,ae3b2f4d-21fe-53aa-9ce0-b29d621d849a
checkoutisshippingrequired,True,1,ae3b2f4d-21fe-53aa-9ce0-b29d621d849a
checkoutlines,True,1,ae3b2f4d-21fe-53aa-9ce0-b29d621d849a
checkoutshippingprice,True,1,ae3b2f4d-21fe-53aa-9ce0-b29d621d849a
checkoutsubtotalprice,True,1,ae3b2f4d-21fe-53aa-9ce0-b29d621d849a
checkouttoken,True,1,ae3b2f4d-21fe-53aa-9ce0-b29d621d849a
checkouttotalprice,True,1,ae3b2f4d-21fe-53aa-9ce0-b29d621d849a
giftcardcode,False,0,
giftcarduser,False,0,
giftcardcreated,False,0,
giftcardstartdate,False,0,
giftcardenddate,False,0,
giftcardlastusedon,False,0,
giftcardisactive,False,0,
giftcardinitialbalance,False,0,
giftcardcurrentbalance,False,0,
giftcardid,False,0,
giftcarddisplaycode,False,0,
checkoutlineid,True,1,ae3b2f4d-21fe-53aa-9ce0-b29d621d849a
checkoutlinevariant,True,1,ae3b2f4d-21fe-53aa-9ce0-b29d621d849a
checkoutlinequantity,True,1,ae3b2f4d-21fe-53aa-9ce0-b29d621d849a
checkoutlinetotalprice,True,1,ae3b2f4d-21fe-53aa-9ce0-b29d621d849a
checkoutlinerequiresshipping,False,0,
giftcardcountableconnectionpageinfo,False,0,
giftcardcountableconnectionedges,False,0,
giftcardcountableconnectiontotalcount,False,0,
giftcardcountableedgenode,False,0,
giftcardcountableedgecursor,False,0,
ordercountableconnectionpageinfo,True,10,021b168f-c1e0-5dae-96fa-8f48c76d685b
ordercountableconnectionedges,True,24,021b168f-c1e0-5dae-96fa-8f48c76d685b
ordercountableconnectiontotalcount,True,8,e56b5d25-c288-56c1-b957-e3ad1a162c87
ordercountableedgenode,True,24,021b168f-c1e0-5dae-96fa-8f48c76d685b
ordercountableedgecursor,False,0,
orderid,True,41,021b168f-c1e0-5dae-96fa-8f48c76d685b
ordercreated,True,24,021b168f-c1e0-5dae-96fa-8f48c76d685b
orderstatus,True,15,021b168f-c1e0-5dae-96fa-8f48c76d685b
orderuser,False,0,
orderlanguagecode,False,0,
ordertrackingclientid,False,0,
orderbillingaddress,True,8,021b168f-c1e0-5dae-96fa-8f48c76d685b
ordershippingaddress,True,4,7cb4bf3d-e621-5c8b-bf51-51d512a56a7d
ordershippingmethod,False,0,
ordershippingmethodname,False,0,
ordershippingprice,True,4,7cb4bf3d-e621-5c8b-bf51-51d512a56a7d
ordertoken,True,6,7cb4bf3d-e621-5c8b-bf51-51d512a56a7d
ordervoucher,False,0,
ordergiftcards,False,0,
orderdiscount,False,0,
orderdiscountname,False,0,
ordertranslateddiscountname,False,0,
orderdisplaygrossprices,False,0,
ordercustomernote,False,0,
orderweight,False,0,
orderprivatemetadata,False,0,
ordermetadata,False,0,
orderfulfillments,False,0,
orderlines,True,16,7cb4bf3d-e621-5c8b-bf51-51d512a56a7d
orderactions,False,0,
orderavailableshippingmethods,False,0,
orderinvoices,True,4,7cb4bf3d-e621-5c8b-bf51-51d512a56a7d
ordernumber,True,31,021b168f-c1e0-5dae-96fa-8f48c76d685b
orderispaid,False,0,
orderpaymentstatus,True,19,021b168f-c1e0-5dae-96fa-8f48c76d685b
orderpaymentstatusdisplay,True,4,7cb4bf3d-e621-5c8b-bf51-51d512a56a7d
orderpayments,False,0,
ordertotal,True,21,021b168f-c1e0-5dae-96fa-8f48c76d685b
ordersubtotal,True,4,7cb4bf3d-e621-5c8b-bf51-51d512a56a7d
orderstatusdisplay,True,6,7cb4bf3d-e621-5c8b-bf51-51d512a56a7d
ordercanfinalize,False,0,
ordertotalauthorized,False,0,
ordertotalcaptured,False,0,
orderevents,False,0,
ordertotalbalance,False,0,
orderuseremail,True,12,021b168f-c1e0-5dae-96fa-8f48c76d685b
orderisshippingrequired,False,0,
fulfillmentid,False,0,
fulfillmentfulfillmentorder,False,0,
fulfillmentstatus,False,0,
fulfillmenttrackingnumber,False,0,
fulfillmentcreated,False,0,
fulfillmentprivatemetadata,False,0,
fulfillmentmetadata,False,0,
fulfillmentlines,False,0,
fulfillmentstatusdisplay,False,0,
fulfillmentwarehouse,False,0,
fulfillmentlineid,False,0,
fulfillmentlinequantity,False,0,
fulfillmentlineorderline,False,0,
orderlineid,True,12,38c4706b-23db-5922-9852-b0856018ec3b
orderlineproductname,True,14,7cb4bf3d-e621-5c8b-bf51-51d512a56a7d
orderlinevariantname,False,0,
orderlineproductsku,False,0,
orderlineisshippingrequired,True,10,38c4706b-23db-5922-9852-b0856018ec3b
orderlinequantity,True,14,7cb4bf3d-e621-5c8b-bf51-51d512a56a7d
orderlinequantityfulfilled,True,10,38c4706b-23db-5922-9852-b0856018ec3b
orderlinetaxrate,False,0,
orderlinedigitalcontenturl,False,0,
orderlinethumbnail,True,14,38c4706b-23db-5922-9852-b0856018ec3b
orderlineunitprice,True,4,7cb4bf3d-e621-5c8b-bf51-51d512a56a7d
orderlinetotalprice,True,4,7cb4bf3d-e621-5c8b-bf51-51d512a56a7d
orderlinevariant,True,16,7cb4bf3d-e621-5c8b-bf51-51d512a56a7d
orderlinetranslatedproductname,False,0,
orderlinetranslatedvariantname,False,0,
orderlineallocations,True,10,38c4706b-23db-5922-9852-b0856018ec3b
allocationid,False,0,
allocationquantity,True,10,38c4706b-23db-5922-9852-b0856018ec3b
allocationwarehouse,True,10,38c4706b-23db-5922-9852-b0856018ec3b
invoiceid,True,4,7cb4bf3d-e621-5c8b-bf51-51d512a56a7d
invoicemetadata,False,0,
invoicestatus,True,4,7cb4bf3d-e621-5c8b-bf51-51d512a56a7d
invoicenumber,True,4,7cb4bf3d-e621-5c8b-bf51-51d512a56a7d
invoiceexternalurl,False,0,
invoiceprivatemetadata,False,0,
invoicecreatedat,True,4,7cb4bf3d-e621-5c8b-bf51-51d512a56a7d
invoiceupdatedat,False,0,
invoicemessage,False,0,
invoiceurl,True,4,7cb4bf3d-e621-5c8b-bf51-51d512a56a7d
jobstatus,False,0,
jobcreatedat,False,0,
jobupdatedat,False,0,
jobmessage,False,0,
paymentid,False,0,
paymentgateway,False,0,
paymentisactive,False,0,
paymentcreated,False,0,
paymentmodified,False,0,
paymenttoken,False,0,
paymentcheckout,False,0,
paymentorder,False,0,
paymentcustomeripaddress,False,0,
paymentchargestatus,False,0,
paymentactions,False,0,
paymenttotal,False,0,
paymentcapturedamount,False,0,
paymenttransactions,False,0,
paymentavailablecaptureamount,False,0,
paymentavailablerefundamount,False,0,
paymentcreditcard,False,0,
transactionid,False,0,
transactioncreated,False,0,
transactionpayment,False,0,
transactiontoken,False,0,
transactionkind,False,0,
transactionissuccess,False,0,
transactionerror,False,0,
transactionamount,False,0,
creditcardbrand,False,0,
creditcardfirstdigits,False,0,
creditcardlastdigits,False,0,
creditcardexpmonth,False,0,
creditcardexpyear,False,0,
ordereventid,True,1,26f38406-14ac-5aa1-bd63-cc80a43d0e85
ordereventdate,True,1,26f38406-14ac-5aa1-bd63-cc80a43d0e85
ordereventtype,True,1,26f38406-14ac-5aa1-bd63-cc80a43d0e85
ordereventuser,True,1,26f38406-14ac-5aa1-bd63-cc80a43d0e85
ordereventmessage,True,1,26f38406-14ac-5aa1-bd63-cc80a43d0e85
ordereventemail,True,1,26f38406-14ac-5aa1-bd63-cc80a43d0e85
ordereventemailtype,True,1,26f38406-14ac-5aa1-bd63-cc80a43d0e85
ordereventamount,True,1,26f38406-14ac-5aa1-bd63-cc80a43d0e85
ordereventpaymentid,False,0,
ordereventpaymentgateway,False,0,
ordereventquantity,True,1,26f38406-14ac-5aa1-bd63-cc80a43d0e85
ordereventcomposedid,True,1,26f38406-14ac-5aa1-bd63-cc80a43d0e85
ordereventordernumber,True,1,26f38406-14ac-5aa1-bd63-cc80a43d0e85
ordereventinvoicenumber,False,0,
ordereventoversolditems,True,1,26f38406-14ac-5aa1-bd63-cc80a43d0e85
ordereventlines,False,0,
ordereventfulfilleditems,False,0,
ordereventwarehouse,False,0,
ordereventorderlineobjectquantity,False,0,
ordereventorderlineobjectorderline,False,0,
ordereventorderlineobjectitemname,False,0,
userpermissioncode,True,9,a6ed9b4a-ef69-5b41-ad93-25d8b4e35ec5
userpermissionname,False,0,
userpermissionsourcepermissiongroups,True,9,a6ed9b4a-ef69-5b41-ad93-25d8b4e35ec5
groupid,True,30,a6ed9b4a-ef69-5b41-ad93-25d8b4e35ec5
groupname,True,12,a6ed9b4a-ef69-5b41-ad93-25d8b4e35ec5
grouppermissions,True,9,a6ed9b4a-ef69-5b41-ad93-25d8b4e35ec5
groupusers,True,20,a6ed9b4a-ef69-5b41-ad93-25d8b4e35ec5
groupusercanmanage,True,12,a6ed9b4a-ef69-5b41-ad93-25d8b4e35ec5
customereventid,False,0,
customereventdate,False,0,
customereventtype,False,0,
customereventuser,False,0,
customereventmessage,False,0,
customereventcount,False,0,
customereventorder,False,0,
customereventorderline,False,0,
paymentsourcegateway,False,0,
paymentsourcecreditcardinfo,False,0,
digitalcontentcountableconnectionpageinfo,False,0,
digitalcontentcountableconnectionedges,False,0,
digitalcontentcountableconnectiontotalcount,False,0,
digitalcontentcountableedgenode,False,0,
digitalcontentcountableedgecursor,False,0,
productvariantcountableconnectionpageinfo,False,0,
productvariantcountableconnectionedges,True,9,fde2fd5f-b03b-53c5-8d01-0ef066c70882
productvariantcountableconnectiontotalcount,False,0,
productvariantcountableedgenode,True,9,fde2fd5f-b03b-53c5-8d01-0ef066c70882
productvariantcountableedgecursor,False,0,
paymentcountableconnectionpageinfo,False,0,
paymentcountableconnectionedges,False,0,
paymentcountableconnectiontotalcount,False,0,
paymentcountableedgenode,False,0,
paymentcountableedgecursor,False,0,
pagecountableconnectionpageinfo,True,9,cd2250b5-f0c6-5ee0-9496-49c4dfe02e45
pagecountableconnectionedges,True,9,cd2250b5-f0c6-5ee0-9496-49c4dfe02e45
pagecountableconnectiontotalcount,False,0,
pagecountableedgenode,True,9,cd2250b5-f0c6-5ee0-9496-49c4dfe02e45
pagecountableedgecursor,False,0,
ordereventcountableconnectionpageinfo,False,0,
ordereventcountableconnectionedges,True,1,26f38406-14ac-5aa1-bd63-cc80a43d0e85
ordereventcountableconnectiontotalcount,False,0,
ordereventcountableedgenode,True,1,26f38406-14ac-5aa1-bd63-cc80a43d0e85
ordereventcountableedgecursor,False,0,
menucountableconnectionpageinfo,True,2,6bd882d1-c94c-5d1b-9c4a-4e8f02a79b47
menucountableconnectionedges,True,2,6bd882d1-c94c-5d1b-9c4a-4e8f02a79b47
menucountableconnectiontotalcount,False,0,
menucountableedgenode,True,2,6bd882d1-c94c-5d1b-9c4a-4e8f02a79b47
menucountableedgecursor,False,0,
menuitemcountableconnectionpageinfo,False,0,
menuitemcountableconnectionedges,False,0,
menuitemcountableconnectiontotalcount,False,0,
menuitemcountableedgenode,False,0,
menuitemcountableedgecursor,False,0,
pluginid,True,11,318fabe5-01ec-5c56-bba9-429ea0b11e42
pluginname,True,11,318fabe5-01ec-5c56-bba9-429ea0b11e42
plugindescription,True,11,318fabe5-01ec-5c56-bba9-429ea0b11e42
pluginactive,True,11,318fabe5-01ec-5c56-bba9-429ea0b11e42
pluginconfiguration,True,5,318fabe5-01ec-5c56-bba9-429ea0b11e42
configurationitemname,True,5,318fabe5-01ec-5c56-bba9-429ea0b11e42
configurationitemvalue,True,5,318fabe5-01ec-5c56-bba9-429ea0b11e42
configurationitemtype,True,5,318fabe5-01ec-5c56-bba9-429ea0b11e42
configurationitemhelptext,True,5,318fabe5-01ec-5c56-bba9-429ea0b11e42
configurationitemlabel,True,5,318fabe5-01ec-5c56-bba9-429ea0b11e42
plugincountableconnectionpageinfo,True,6,71ef9598-fc8c-54a0-8777-9c87409deeb7
plugincountableconnectionedges,True,6,71ef9598-fc8c-54a0-8777-9c87409deeb7
plugincountableconnectiontotalcount,False,0,
plugincountableedgenode,True,6,71ef9598-fc8c-54a0-8777-9c87409deeb7
plugincountableedgecursor,False,0,
salecountableconnectionpageinfo,True,4,9e47fdf0-8381-54c5-ad61-17dcef1a425d
salecountableconnectionedges,True,4,9e47fdf0-8381-54c5-ad61-17dcef1a425d
salecountableconnectiontotalcount,False,0,
salecountableedgenode,True,4,9e47fdf0-8381-54c5-ad61-17dcef1a425d
salecountableedgecursor,False,0,
vouchercountableconnectionpageinfo,True,4,36592a3b-783b-53b9-a5fc-788df4c17841
vouchercountableconnectionedges,True,4,36592a3b-783b-53b9-a5fc-788df4c17841
vouchercountableconnectiontotalcount,False,0,
vouchercountableedgenode,True,4,36592a3b-783b-53b9-a5fc-788df4c17841
vouchercountableedgecursor,False,0,
exportfileid,True,1,f8c6cf23-86b1-528c-a104-347ee9d60d72
exportfileuser,False,0,
exportfileapp,False,0,
exportfilestatus,True,1,f8c6cf23-86b1-528c-a104-347ee9d60d72
exportfilecreatedat,False,0,
exportfileupdatedat,False,0,
exportfilemessage,False,0,
exportfileurl,False,0,
exportfileevents,False,0,
exporteventid,False,0,
exporteventdate,False,0,
exporteventtype,False,0,
exporteventuser,False,0,
exporteventapp,False,0,
exporteventmessage,False,0,
exportfilecountableconnectionpageinfo,False,0,
exportfilecountableconnectionedges,False,0,
exportfilecountableconnectiontotalcount,False,0,
exportfilecountableedgenode,False,0,
exportfilecountableedgecursor,False,0,
checkoutcountableconnectionpageinfo,False,0,
checkoutcountableconnectionedges,False,0,
checkoutcountableconnectiontotalcount,False,0,
checkoutcountableedgenode,False,0,
checkoutcountableedgecursor,False,0,
checkoutlinecountableconnectionpageinfo,False,0,
checkoutlinecountableconnectionedges,False,0,
checkoutlinecountableconnectiontotalcount,False,0,
checkoutlinecountableedgenode,False,0,
checkoutlinecountableedgecursor,False,0,
appinstallationappname,True,1,903717b2-9f4f-507d-a042-550a6f28c226
appinstallationmanifesturl,True,1,903717b2-9f4f-507d-a042-550a6f28c226
appinstallationid,True,1,903717b2-9f4f-507d-a042-550a6f28c226
appinstallationstatus,True,1,903717b2-9f4f-507d-a042-550a6f28c226
appinstallationcreatedat,False,0,
appinstallationupdatedat,False,0,
appinstallationmessage,True,1,903717b2-9f4f-507d-a042-550a6f28c226
appcountableconnectionpageinfo,True,2,9ee172d0-207c-546e-a8de-772d127eee76
appcountableconnectionedges,True,2,9ee172d0-207c-546e-a8de-772d127eee76
appcountableconnectiontotalcount,True,2,9ee172d0-207c-546e-a8de-772d127eee76
appcountableedgenode,True,2,9ee172d0-207c-546e-a8de-772d127eee76
appcountableedgecursor,False,0,
addressvalidationdatacountrycode,False,0,
addressvalidationdatacountryname,False,0,
addressvalidationdataaddressformat,False,0,
addressvalidationdataaddresslatinformat,False,0,
addressvalidationdataallowedfields,False,0,
addressvalidationdatarequiredfields,False,0,
addressvalidationdataupperfields,False,0,
addressvalidationdatacountryareatype,False,0,
addressvalidationdatacountryareachoices,False,0,
addressvalidationdatacitytype,False,0,
addressvalidationdatacitychoices,False,0,
addressvalidationdatacityareatype,False,0,
addressvalidationdatacityareachoices,False,0,
addressvalidationdatapostalcodetype,False,0,
addressvalidationdatapostalcodematchers,False,0,
addressvalidationdatapostalcodeexamples,False,0,
addressvalidationdatapostalcodeprefix,False,0,
choicevalueraw,False,0,
choicevalueverbose,False,0,
usercountableconnectionpageinfo,True,30,e56b5d25-c288-56c1-b957-e3ad1a162c87
usercountableconnectionedges,True,30,e56b5d25-c288-56c1-b957-e3ad1a162c87
usercountableconnectiontotalcount,False,0,
usercountableedgenode,True,30,e56b5d25-c288-56c1-b957-e3ad1a162c87
usercountableedgecursor,True,2,ce3b0ea1-76e5-57fe-a7eb-ad52289c7598
groupcountableconnectionpageinfo,True,3,2fdb73f4-d771-5e1c-b202-64d981b4f963
groupcountableconnectionedges,True,3,2fdb73f4-d771-5e1c-b202-64d981b4f963
groupcountableconnectiontotalcount,False,0,
groupcountableedgenode,True,3,2fdb73f4-d771-5e1c-b202-64d981b4f963
groupcountableedgecursor,False,0,
serviceaccountcountableconnectionpageinfo,False,0,
serviceaccountcountableconnectionedges,False,0,
serviceaccountcountableconnectiontotalcount,False,0,
serviceaccountcountableedgenode,False,0,
serviceaccountcountableedgecursor,False,0,
mutationwebhookcreate,False,0,
mutationwebhookdelete,False,0,
mutationwebhookupdate,False,0,
mutationcreatewarehouse,False,0,
mutationupdatewarehouse,False,0,
mutationdeletewarehouse,False,0,
mutationassignwarehouseshippingzone,False,0,
mutationunassignwarehouseshippingzone,False,0,
mutationauthorizationkeyadd,False,0,
mutationauthorizationkeydelete,False,0,
mutationstaffnotificationrecipientcreate,False,0,
mutationstaffnotificationrecipientupdate,False,0,
mutationstaffnotificationrecipientdelete,False,0,
mutationhomepagecollectionupdate,False,0,
mutationshopdomainupdate,False,0,
mutationshopsettingsupdate,False,0,
mutationshopfetchtaxrates,False,0,
mutationshopsettingstranslate,False,0,
mutationshopaddressupdate,False,0,
mutationshippingpricecreate,False,0,
mutationshippingpricedelete,False,0,
mutationshippingpricebulkdelete,False,0,
mutationshippingpriceupdate,False,0,
mutationshippingpricetranslate,False,0,
mutationshippingzonecreate,False,0,
mutationshippingzonedelete,False,0,
mutationshippingzonebulkdelete,False,0,
mutationshippingzoneupdate,False,0,
mutationattributecreate,False,0,
mutationattributedelete,False,0,
mutationattributebulkdelete,False,0,
mutationattributeassign,False,0,
mutationattributeunassign,False,0,
mutationattributeupdate,False,0,
mutationattributetranslate,False,0,
mutationattributevaluecreate,False,0,
mutationattributevaluedelete,False,0,
mutationattributevaluebulkdelete,False,0,
mutationattributevalueupdate,False,0,
mutationattributevaluetranslate,False,0,
mutationattributereordervalues,False,0,
mutationcategorycreate,False,0,
mutationcategorydelete,False,0,
mutationcategorybulkdelete,False,0,
mutationcategoryupdate,False,0,
mutationcategorytranslate,False,0,
mutationcollectionaddproducts,False,0,
mutationcollectioncreate,False,0,
mutationcollectiondelete,False,0,
mutationcollectionreorderproducts,False,0,
mutationcollectionbulkdelete,False,0,
mutationcollectionbulkpublish,False,0,
mutationcollectionremoveproducts,False,0,
mutationcollectionupdate,False,0,
mutationcollectiontranslate,False,0,
mutationproductcreate,False,0,
mutationproductdelete,False,0,
mutationproductbulkdelete,False,0,
mutationproductbulkpublish,False,0,
mutationproductupdate,False,0,
mutationproducttranslate,False,0,
mutationproductsetavailabilityforpurchase,False,0,
mutationproductimagecreate,False,0,
mutationproductvariantreorder,False,0,
mutationproductimagedelete,False,0,
mutationproductimagebulkdelete,False,0,
mutationproductimagereorder,False,0,
mutationproductimageupdate,False,0,
mutationproducttypecreate,False,0,
mutationproducttypedelete,False,0,
mutationproducttypebulkdelete,False,0,
mutationproducttypeupdate,False,0,
mutationproducttypereorderattributes,False,0,
mutationdigitalcontentcreate,False,0,
mutationdigitalcontentdelete,False,0,
mutationdigitalcontentupdate,False,0,
mutationdigitalcontenturlcreate,False,0,
mutationproductvariantcreate,False,0,
mutationproductvariantdelete,False,0,
mutationproductvariantbulkcreate,False,0,
mutationproductvariantbulkdelete,False,0,
mutationproductvariantstockscreate,False,0,
mutationproductvariantstocksdelete,False,0,
mutationproductvariantstocksupdate,False,0,
mutationproductvariantupdate,False,0,
mutationproductvariantsetdefault,False,0,
mutationproductvarianttranslate,False,0,
mutationvariantimageassign,False,0,
mutationvariantimageunassign,False,0,
mutationpaymentcapture,False,0,
mutationpaymentrefund,False,0,
mutationpaymentvoid,False,0,
mutationpagecreate,False,0,
mutationpagedelete,False,0,
mutationpagebulkdelete,False,0,
mutationpagebulkpublish,False,0,
mutationpageupdate,False,0,
mutationpagetranslate,False,0,
mutationdraftordercomplete,False,0,
mutationdraftordercreate,False,0,
mutationdraftorderdelete,False,0,
mutationdraftorderbulkdelete,False,0,
mutationdraftorderlinesbulkdelete,False,0,
mutationdraftorderlinescreate,False,0,
mutationdraftorderlinedelete,False,0,
mutationdraftorderlineupdate,False,0,
mutationdraftorderupdate,False,0,
mutationorderaddnote,False,0,
mutationordercancel,False,0,
mutationordercapture,False,0,
mutationorderfulfill,False,0,
mutationorderfulfillmentcancel,False,0,
mutationorderfulfillmentupdatetracking,False,0,
mutationordermarkaspaid,False,0,
mutationorderrefund,False,0,
mutationorderupdate,False,0,
mutationorderupdateshipping,False,0,
mutationordervoid,False,0,
mutationorderbulkcancel,False,0,
mutationdeletemetadata,False,0,
mutationdeleteprivatemetadata,False,0,
mutationupdatemetadata,False,0,
mutationupdateprivatemetadata,False,0,
mutationassignnavigation,False,0,
mutationmenucreate,False,0,
mutationmenudelete,False,0,
mutationmenubulkdelete,False,0,
mutationmenuupdate,False,0,
mutationmenuitemcreate,False,0,
mutationmenuitemdelete,False,0,
mutationmenuitembulkdelete,False,0,
mutationmenuitemupdate,False,0,
mutationmenuitemtranslate,False,0,
mutationmenuitemmove,False,0,
mutationinvoicerequest,False,0,
mutationinvoicerequestdelete,False,0,
mutationinvoicecreate,False,0,
mutationinvoicedelete,False,0,
mutationinvoiceupdate,False,0,
mutationinvoicesendemail,False,0,
mutationgiftcardactivate,False,0,
mutationgiftcardcreate,False,0,
mutationgiftcarddeactivate,False,0,
mutationgiftcardupdate,False,0,
mutationpluginupdate,False,0,
mutationsalecreate,False,0,
mutationsaledelete,False,0,
mutationsalebulkdelete,False,0,
mutationsaleupdate,False,0,
mutationsalecataloguesadd,False,0,
mutationsalecataloguesremove,False,0,
mutationsaletranslate,False,0,
mutationvouchercreate,False,0,
mutationvoucherdelete,False,0,
mutationvoucherbulkdelete,False,0,
mutationvoucherupdate,False,0,
mutationvouchercataloguesadd,False,0,
mutationvouchercataloguesremove,False,0,
mutationvouchertranslate,False,0,
mutationexportproducts,False,0,
mutationcheckoutaddpromocode,False,0,
mutationcheckoutbillingaddressupdate,False,0,
mutationcheckoutcomplete,False,0,
mutationcheckoutcreate,False,0,
mutationcheckoutcustomerattach,False,0,
mutationcheckoutcustomerdetach,False,0,
mutationcheckoutemailupdate,False,0,
mutationcheckoutlinedelete,False,0,
mutationcheckoutlinesadd,False,0,
mutationcheckoutlinesupdate,False,0,
mutationcheckoutremovepromocode,False,0,
mutationcheckoutpaymentcreate,False,0,
mutationcheckoutshippingaddressupdate,False,0,
mutationcheckoutshippingmethodupdate,False,0,
mutationappcreate,False,0,
mutationappupdate,False,0,
mutationappdelete,False,0,
mutationapptokencreate,False,0,
mutationapptokendelete,False,0,
mutationapptokenverify,False,0,
mutationappinstall,False,0,
mutationappretryinstall,False,0,
mutationappdeletefailedinstallation,False,0,
mutationappfetchmanifest,False,0,
mutationappactivate,False,0,
mutationappdeactivate,False,0,
mutationtokencreate,False,0,
mutationtokenrefresh,False,0,
mutationtokenverify,False,0,
mutationtokensdeactivateall,False,0,
mutationrequestpasswordreset,False,0,
mutationconfirmaccount,False,0,
mutationsetpassword,False,0,
mutationpasswordchange,False,0,
mutationrequestemailchange,False,0,
mutationconfirmemailchange,False,0,
mutationaccountaddresscreate,False,0,
mutationaccountaddressupdate,False,0,
mutationaccountaddressdelete,False,0,
mutationaccountsetdefaultaddress,False,0,
mutationaccountregister,False,0,
mutationaccountupdate,False,0,
mutationaccountrequestdeletion,False,0,
mutationaccountdelete,False,0,
mutationaddresscreate,False,0,
mutationaddressupdate,False,0,
mutationaddressdelete,False,0,
mutationaddresssetdefault,False,0,
mutationcustomercreate,False,0,
mutationcustomerupdate,False,0,
mutationcustomerdelete,False,0,
mutationcustomerbulkdelete,False,0,
mutationstaffcreate,False,0,
mutationstaffupdate,False,0,
mutationstaffdelete,False,0,
mutationstaffbulkdelete,False,0,
mutationuseravatarupdate,False,0,
mutationuseravatardelete,False,0,
mutationuserbulksetactive,False,0,
mutationpermissiongroupcreate,False,0,
mutationpermissiongroupupdate,False,0,
mutationpermissiongroupdelete,False,0,
webhookcreatewebhookerrors,False,0,
webhookcreatewebhook,False,0,
errorfield,False,0,
errormessage,False,0,
webhookerrorfield,False,0,
webhookerrormessage,False,0,
webhookerrorcode,False,0,
webhookdeletewebhookerrors,False,0,
webhookdeletewebhook,False,0,
webhookupdatewebhookerrors,False,0,
webhookupdatewebhook,False,0,
warehousecreatewarehouseerrors,False,0,
warehousecreatewarehouse,False,0,
warehouseerrorfield,False,0,
warehouseerrormessage,False,0,
warehouseerrorcode,False,0,
warehouseupdatewarehouseerrors,False,0,
warehouseupdatewarehouse,False,0,
warehousedeletewarehouseerrors,False,0,
warehousedeletewarehouse,False,0,
warehouseshippingzoneassignwarehouseerrors,False,0,
warehouseshippingzoneassignwarehouse,False,0,
warehouseshippingzoneunassignwarehouseerrors,False,0,
warehouseshippingzoneunassignwarehouse,False,0,
authorizationkeyaddauthorizationkey,False,0,
authorizationkeyaddshop,False,0,
authorizationkeyaddshoperrors,False,0,
shoperrorfield,False,0,
shoperrormessage,False,0,
shoperrorcode,False,0,
authorizationkeydeleteauthorizationkey,False,0,
authorizationkeydeleteshop,False,0,
authorizationkeydeleteshoperrors,False,0,
staffnotificationrecipientcreateshoperrors,False,0,
staffnotificationrecipientcreatestaffnotificationrecipient,False,0,
staffnotificationrecipientupdateshoperrors,False,0,
staffnotificationrecipientupdatestaffnotificationrecipient,False,0,
staffnotificationrecipientdeleteshoperrors,False,0,
staffnotificationrecipientdeletestaffnotificationrecipient,False,0,
homepagecollectionupdateshop,False,0,
homepagecollectionupdateshoperrors,False,0,
shopdomainupdateshop,False,0,
shopdomainupdateshoperrors,False,0,
shopsettingsupdateshop,False,0,
shopsettingsupdateshoperrors,False,0,
shopfetchtaxratesshop,False,0,
shopfetchtaxratesshoperrors,False,0,
shopsettingstranslateshop,False,0,
shopsettingstranslatetranslationerrors,False,0,
translationerrorfield,False,0,
translationerrormessage,False,0,
translationerrorcode,False,0,
shopaddressupdateshop,False,0,
shopaddressupdateshoperrors,False,0,
shippingpricecreateshippingzone,False,0,
shippingpricecreateshippingerrors,False,0,
shippingpricecreateshippingmethod,False,0,
shippingerrorfield,False,0,
shippingerrormessage,False,0,
shippingerrorcode,False,0,
shippingerrorwarehouses,False,0,
shippingpricedeleteshippingmethod,False,0,
shippingpricedeleteshippingzone,False,0,
shippingpricedeleteshippingerrors,False,0,
shippingpricebulkdeletecount,False,0,
shippingpricebulkdeleteshippingerrors,False,0,
shippingpriceupdateshippingzone,False,0,
shippingpriceupdateshippingerrors,False,0,
shippingpriceupdateshippingmethod,False,0,
shippingpricetranslatetranslationerrors,False,0,
shippingpricetranslateshippingmethod,False,0,
shippingzonecreateshippingerrors,False,0,
shippingzonecreateshippingzone,False,0,
shippingzonedeleteshippingerrors,False,0,
shippingzonedeleteshippingzone,False,0,
shippingzonebulkdeletecount,False,0,
shippingzonebulkdeleteshippingerrors,False,0,
shippingzoneupdateshippingerrors,False,0,
shippingzoneupdateshippingzone,False,0,
attributecreateattribute,False,0,
attributecreateproducterrors,False,0,
producterrorfield,False,0,
producterrormessage,False,0,
producterrorcode,False,0,
producterrorattributes,False,0,
attributedeleteproducterrors,False,0,
attributedeleteattribute,False,0,
attributebulkdeletecount,False,0,
attributebulkdeleteproducterrors,False,0,
attributeassignproducttype,False,0,
attributeassignproducterrors,False,0,
attributeunassignproducttype,False,0,
attributeunassignproducterrors,False,0,
attributeupdateattribute,False,0,
attributeupdateproducterrors,False,0,
attributetranslatetranslationerrors,False,0,
attributetranslateattribute,False,0,
attributeupdatemetaproducterrors,False,0,
attributeupdatemetaattribute,False,0,
attributeclearmetaproducterrors,False,0,
attributeclearmetaattribute,False,0,
attributeupdateprivatemetaproducterrors,False,0,
attributeupdateprivatemetaattribute,False,0,
attributeclearprivatemetaproducterrors,False,0,
attributeclearprivatemetaattribute,False,0,
attributevaluecreateattribute,False,0,
attributevaluecreateproducterrors,False,0,
attributevaluecreateattributevalue,False,0,
attributevaluedeleteattribute,False,0,
attributevaluedeleteproducterrors,False,0,
attributevaluedeleteattributevalue,False,0,
attributevaluebulkdeletecount,False,0,
attributevaluebulkdeleteproducterrors,False,0,
attributevalueupdateattribute,False,0,
attributevalueupdateproducterrors,False,0,
attributevalueupdateattributevalue,False,0,
attributevaluetranslatetranslationerrors,False,0,
attributevaluetranslateattributevalue,False,0,
attributereordervaluesattribute,False,0,
attributereordervaluesproducterrors,False,0,
categorycreateproducterrors,False,0,
categorycreatecategory,False,0,
categorydeleteproducterrors,False,0,
categorydeletecategory,False,0,
categorybulkdeletecount,False,0,
categorybulkdeleteproducterrors,False,0,
categoryupdateproducterrors,False,0,
categoryupdatecategory,False,0,
categorytranslatetranslationerrors,False,0,
categorytranslatecategory,False,0,
categoryupdatemetaproducterrors,False,0,
categoryupdatemetacategory,False,0,
categoryclearmetaproducterrors,False,0,
categoryclearmetacategory,False,0,
categoryupdateprivatemetaproducterrors,False,0,
categoryupdateprivatemetacategory,False,0,
categoryclearprivatemetaproducterrors,False,0,
categoryclearprivatemetacategory,False,0,
collectionaddproductscollection,False,0,
collectionaddproductsproducterrors,False,0,
collectioncreateproducterrors,False,0,
collectioncreatecollection,False,0,
collectiondeleteproducterrors,False,0,
collectiondeletecollection,False,0,
collectionreorderproductscollection,False,0,
collectionreorderproductsproducterrors,False,0,
collectionbulkdeletecount,False,0,
collectionbulkdeleteproducterrors,False,0,
collectionbulkpublishcount,False,0,
collectionbulkpublishproducterrors,False,0,
collectionremoveproductscollection,False,0,
collectionremoveproductsproducterrors,False,0,
collectionupdateproducterrors,False,0,
collectionupdatecollection,False,0,
collectiontranslatetranslationerrors,False,0,
collectiontranslatecollection,False,0,
collectionupdatemetaproducterrors,False,0,
collectionupdatemetacollection,False,0,
collectionclearmetaproducterrors,False,0,
collectionclearmetacollection,False,0,
collectionupdateprivatemetaproducterrors,False,0,
collectionupdateprivatemetacollection,False,0,
collectionclearprivatemetaproducterrors,False,0,
collectionclearprivatemetacollection,False,0,
productcreateproducterrors,False,0,
productcreateproduct,False,0,
productdeleteproducterrors,False,0,
productdeleteproduct,False,0,
productbulkdeletecount,False,0,
productbulkdeleteproducterrors,False,0,
productbulkpublishcount,False,0,
productbulkpublishproducterrors,False,0,
productupdateproducterrors,False,0,
productupdateproduct,False,0,
producttranslatetranslationerrors,False,0,
producttranslateproduct,False,0,
productupdatemetaproducterrors,False,0,
productupdatemetaproduct,False,0,
productclearmetaproducterrors,False,0,
productclearmetaproduct,False,0,
productupdateprivatemetaproducterrors,False,0,
productupdateprivatemetaproduct,False,0,
productclearprivatemetaproducterrors,False,0,
productclearprivatemetaproduct,False,0,
productsetavailabilityforpurchaseproduct,False,0,
productsetavailabilityforpurchaseproducterrors,False,0,
productimagecreateproduct,False,0,
productimagecreateimage,False,0,
productimagecreateproducterrors,False,0,
productvariantreorderproduct,False,0,
productvariantreorderproducterrors,False,0,
productimagedeleteproduct,False,0,
productimagedeleteimage,False,0,
productimagedeleteproducterrors,False,0,
productimagebulkdeletecount,False,0,
productimagebulkdeleteproducterrors,False,0,
productimagereorderproduct,False,0,
productimagereorderimages,False,0,
productimagereorderproducterrors,False,0,
productimageupdateproduct,False,0,
productimageupdateimage,False,0,
productimageupdateproducterrors,False,0,
producttypecreateproducterrors,False,0,
producttypecreateproducttype,False,0,
producttypedeleteproducterrors,False,0,
producttypedeleteproducttype,False,0,
producttypebulkdeletecount,False,0,
producttypebulkdeleteproducterrors,False,0,
producttypeupdateproducterrors,False,0,
producttypeupdateproducttype,False,0,
producttypereorderattributesproducttype,False,0,
producttypereorderattributesproducterrors,False,0,
producttypeupdatemetaproducterrors,False,0,
producttypeupdatemetaproducttype,False,0,
producttypeclearmetaproducterrors,False,0,
producttypeclearmetaproducttype,False,0,
producttypeupdateprivatemetaproducterrors,False,0,
producttypeupdateprivatemetaproducttype,False,0,
producttypeclearprivatemetaproducterrors,False,0,
producttypeclearprivatemetaproducttype,False,0,
digitalcontentcreatevariant,False,0,
digitalcontentcreatecontent,False,0,
digitalcontentcreateproducterrors,False,0,
digitalcontentdeletevariant,False,0,
digitalcontentdeleteproducterrors,False,0,
digitalcontentupdatevariant,False,0,
digitalcontentupdatecontent,False,0,
digitalcontentupdateproducterrors,False,0,
digitalcontenturlcreateproducterrors,False,0,
digitalcontenturlcreatedigitalcontenturl,False,0,
productvariantcreateproducterrors,False,0,
productvariantcreateproductvariant,False,0,
productvariantdeleteproducterrors,False,0,
productvariantdeleteproductvariant,False,0,
productvariantbulkcreatecount,False,0,
productvariantbulkcreateproductvariants,False,0,
productvariantbulkcreatebulkproducterrors,False,0,
bulkproducterrorfield,False,0,
bulkproducterrormessage,False,0,
bulkproducterrorcode,False,0,
bulkproducterrorattributes,False,0,
bulkproducterrorindex,False,0,
bulkproducterrorwarehouses,False,0,
productvariantbulkdeletecount,False,0,
productvariantbulkdeleteproducterrors,False,0,
productvariantstockscreateproductvariant,False,0,
productvariantstockscreatebulkstockerrors,False,0,
bulkstockerrorfield,False,0,
bulkstockerrormessage,False,0,
bulkstockerrorcode,False,0,
bulkstockerrorattributes,False,0,
bulkstockerrorindex,False,0,
productvariantstocksdeleteproductvariant,False,0,
productvariantstocksdeletestockerrors,False,0,
stockerrorfield,False,0,
stockerrormessage,False,0,
stockerrorcode,False,0,
productvariantstocksupdateproductvariant,False,0,
productvariantstocksupdatebulkstockerrors,False,0,
productvariantupdateproducterrors,False,0,
productvariantupdateproductvariant,False,0,
productvariantsetdefaultproduct,False,0,
productvariantsetdefaultproducterrors,False,0,
productvarianttranslatetranslationerrors,False,0,
productvarianttranslateproductvariant,False,0,
productvariantupdatemetaproducterrors,False,0,
productvariantupdatemetaproductvariant,False,0,
productvariantclearmetaproducterrors,False,0,
productvariantclearmetaproductvariant,False,0,
productvariantupdateprivatemetaproducterrors,False,0,
productvariantupdateprivatemetaproductvariant,False,0,
productvariantclearprivatemetaproducterrors,False,0,
productvariantclearprivatemetaproductvariant,False,0,
variantimageassignproductvariant,False,0,
variantimageassignimage,False,0,
variantimageassignproducterrors,False,0,
variantimageunassignproductvariant,False,0,
variantimageunassignimage,False,0,
variantimageunassignproducterrors,False,0,
paymentcapturepayment,False,0,
paymentcapturepaymenterrors,False,0,
paymenterrorfield,False,0,
paymenterrormessage,False,0,
paymenterrorcode,False,0,
paymentrefundpayment,False,0,
paymentrefundpaymenterrors,False,0,
paymentvoidpayment,False,0,
paymentvoidpaymenterrors,False,0,
pagecreatepageerrors,False,0,
pagecreatepage,False,0,
pageerrorfield,False,0,
pageerrormessage,False,0,
pageerrorcode,False,0,
pagedeletepageerrors,False,0,
pagedeletepage,False,0,
pagebulkdeletecount,False,0,
pagebulkdeletepageerrors,False,0,
pagebulkpublishcount,False,0,
pagebulkpublishpageerrors,False,0,
pageupdatepageerrors,False,0,
pageupdatepage,False,0,
pagetranslatetranslationerrors,False,0,
pagetranslatepage,False,0,
draftordercompleteorder,False,0,
draftordercompleteordererrors,False,0,
ordererrorfield,False,0,
ordererrormessage,False,0,
ordererrorcode,False,0,
ordererrorwarehouse,False,0,
ordererrororderline,False,0,
draftordercreateordererrors,False,0,
draftordercreateorder,False,0,
draftorderdeleteordererrors,False,0,
draftorderdeleteorder,False,0,
draftorderbulkdeletecount,False,0,
draftorderbulkdeleteordererrors,False,0,
draftorderlinesbulkdeletecount,False,0,
draftorderlinesbulkdeleteordererrors,False,0,
draftorderlinescreateorder,False,0,
draftorderlinescreateorderlines,False,0,
draftorderlinescreateordererrors,False,0,
draftorderlinedeleteorder,False,0,
draftorderlinedeleteorderline,False,0,
draftorderlinedeleteordererrors,False,0,
draftorderlineupdateorder,False,0,
draftorderlineupdateordererrors,False,0,
draftorderlineupdateorderline,False,0,
draftorderupdateordererrors,False,0,
draftorderupdateorder,False,0,
orderaddnoteorder,False,0,
orderaddnoteevent,False,0,
orderaddnoteordererrors,False,0,
ordercancelorder,False,0,
ordercancelordererrors,False,0,
ordercaptureorder,False,0,
ordercaptureordererrors,False,0,
orderclearprivatemetaorder,False,0,
orderclearmetaorder,False,0,
orderfulfillfulfillments,False,0,
orderfulfillorder,False,0,
orderfulfillordererrors,False,0,
fulfillmentcancelfulfillment,False,0,
fulfillmentcancelorder,False,0,
fulfillmentcancelordererrors,False,0,
fulfillmentupdatetrackingfulfillment,False,0,
fulfillmentupdatetrackingorder,False,0,
fulfillmentupdatetrackingordererrors,False,0,
fulfillmentclearmetafulfillment,False,0,
fulfillmentclearprivatemetafulfillment,False,0,
fulfillmentupdatemetafulfillment,False,0,
fulfillmentupdateprivatemetafulfillment,False,0,
ordermarkaspaidorder,False,0,
ordermarkaspaidordererrors,False,0,
orderrefundorder,False,0,
orderrefundordererrors,False,0,
orderupdateordererrors,False,0,
orderupdateorder,False,0,
orderupdatemetaorder,False,0,
orderupdateprivatemetaorder,False,0,
orderupdateshippingorder,False,0,
orderupdateshippingordererrors,False,0,
ordervoidorder,False,0,
ordervoidordererrors,False,0,
orderbulkcancelcount,False,0,
orderbulkcancelordererrors,False,0,
deletemetadatametadataerrors,False,0,
deletemetadataitem,False,0,
metadataerrorfield,False,0,
metadataerrormessage,False,0,
metadataerrorcode,False,0,
deleteprivatemetadatametadataerrors,False,0,
deleteprivatemetadataitem,False,0,
updatemetadatametadataerrors,False,0,
updatemetadataitem,False,0,
updateprivatemetadatametadataerrors,False,0,
updateprivatemetadataitem,False,0,
assignnavigationmenu,False,0,
assignnavigationmenuerrors,False,0,
menuerrorfield,False,0,
menuerrormessage,False,0,
menuerrorcode,False,0,
menucreatemenuerrors,False,0,
menucreatemenu,False,0,
menudeletemenuerrors,False,0,
menudeletemenu,False,0,
menubulkdeletecount,False,0,
menubulkdeletemenuerrors,False,0,
menuupdatemenuerrors,False,0,
menuupdatemenu,False,0,
menuitemcreatemenuerrors,False,0,
menuitemcreatemenuitem,False,0,
menuitemdeletemenuerrors,False,0,
menuitemdeletemenuitem,False,0,
menuitembulkdeletecount,False,0,
menuitembulkdeletemenuerrors,False,0,
menuitemupdatemenuerrors,False,0,
menuitemupdatemenuitem,False,0,
menuitemtranslatetranslationerrors,False,0,
menuitemtranslatemenuitem,False,0,
menuitemmovemenu,False,0,
menuitemmovemenuerrors,False,0,
invoicerequestorder,False,0,
invoicerequestinvoiceerrors,False,0,
invoicerequestinvoice,False,0,
invoiceerrorfield,False,0,
invoiceerrormessage,False,0,
invoiceerrorcode,False,0,
invoicerequestdeleteinvoiceerrors,False,0,
invoicerequestdeleteinvoice,False,0,
invoicecreateinvoiceerrors,False,0,
invoicecreateinvoice,False,0,
invoicedeleteinvoiceerrors,False,0,
invoicedeleteinvoice,False,0,
invoiceupdateinvoiceerrors,False,0,
invoiceupdateinvoice,False,0,
invoicesendemailinvoiceerrors,False,0,
invoicesendemailinvoice,False,0,
giftcardactivategiftcard,False,0,
giftcardactivategiftcarderrors,False,0,
giftcarderrorfield,False,0,
giftcarderrormessage,False,0,
giftcarderrorcode,False,0,
giftcardcreategiftcarderrors,False,0,
giftcardcreategiftcard,False,0,
giftcarddeactivategiftcard,False,0,
giftcarddeactivategiftcarderrors,False,0,
giftcardupdategiftcarderrors,False,0,
giftcardupdategiftcard,False,0,
pluginupdateplugin,False,0,
pluginupdatepluginserrors,False,0,
pluginerrorfield,False,0,
pluginerrormessage,False,0,
pluginerrorcode,False,0,
salecreatediscounterrors,False,0,
salecreatesale,False,0,
discounterrorfield,False,0,
discounterrormessage,False,0,
discounterrorcode,False,0,
saledeletediscounterrors,False,0,
saledeletesale,False,0,
salebulkdeletecount,False,0,
salebulkdeletediscounterrors,False,0,
saleupdatediscounterrors,False,0,
saleupdatesale,False,0,
saleaddcataloguessale,False,0,
saleaddcataloguesdiscounterrors,False,0,
saleremovecataloguessale,False,0,
saleremovecataloguesdiscounterrors,False,0,
saletranslatetranslationerrors,False,0,
saletranslatesale,False,0,
vouchercreatediscounterrors,False,0,
vouchercreatevoucher,False,0,
voucherdeletediscounterrors,False,0,
voucherdeletevoucher,False,0,
voucherbulkdeletecount,False,0,
voucherbulkdeletediscounterrors,False,0,
voucherupdatediscounterrors,False,0,
voucherupdatevoucher,False,0,
voucheraddcataloguesvoucher,False,0,
voucheraddcataloguesdiscounterrors,False,0,
voucherremovecataloguesvoucher,False,0,
voucherremovecataloguesdiscounterrors,False,0,
vouchertranslatetranslationerrors,False,0,
vouchertranslatevoucher,False,0,
exportproductsexportfile,False,0,
exportproductsexporterrors,False,0,
exporterrorfield,False,0,
exporterrormessage,False,0,
exporterrorcode,False,0,
checkoutaddpromocodecheckout,False,0,
checkoutaddpromocodecheckouterrors,False,0,
checkouterrorfield,False,0,
checkouterrormessage,False,0,
checkouterrorcode,False,0,
checkouterrorvariants,False,0,
checkoutbillingaddressupdatecheckout,False,0,
checkoutbillingaddressupdatecheckouterrors,False,0,
checkoutcompleteorder,False,0,
checkoutcompleteconfirmationneeded,False,0,
checkoutcompleteconfirmationdata,False,0,
checkoutcompletecheckouterrors,False,0,
checkoutcreatecreated,False,0,
checkoutcreatecheckouterrors,False,0,
checkoutcreatecheckout,False,0,
checkoutcustomerattachcheckout,False,0,
checkoutcustomerattachcheckouterrors,False,0,
checkoutcustomerdetachcheckout,False,0,
checkoutcustomerdetachcheckouterrors,False,0,
checkoutemailupdatecheckout,False,0,
checkoutemailupdatecheckouterrors,False,0,
checkoutlinedeletecheckout,False,0,
checkoutlinedeletecheckouterrors,False,0,
checkoutlinesaddcheckout,False,0,
checkoutlinesaddcheckouterrors,False,0,
checkoutlinesupdatecheckout,False,0,
checkoutlinesupdatecheckouterrors,False,0,
checkoutremovepromocodecheckout,False,0,
checkoutremovepromocodecheckouterrors,False,0,
checkoutpaymentcreatecheckout,False,0,
checkoutpaymentcreatepayment,False,0,
checkoutpaymentcreatepaymenterrors,False,0,
checkoutshippingaddressupdatecheckout,False,0,
checkoutshippingaddressupdatecheckouterrors,False,0,
checkoutshippingmethodupdatecheckout,False,0,
checkoutshippingmethodupdatecheckouterrors,False,0,
checkoutupdatemetacheckouterrors,False,0,
checkoutupdatemetacheckout,False,0,
checkoutclearmetacheckouterrors,False,0,
checkoutclearmetacheckout,False,0,
checkoutupdateprivatemetacheckouterrors,False,0,
checkoutupdateprivatemetacheckout,False,0,
checkoutclearprivatemetacheckouterrors,False,0,
checkoutclearprivatemetacheckout,False,0,
appcreateauthtoken,False,0,
appcreateapperrors,False,0,
appcreateapp,False,0,
apperrorfield,False,0,
apperrormessage,False,0,
apperrorcode,False,0,
apperrorpermissions,False,0,
appupdateapperrors,False,0,
appupdateapp,False,0,
appdeleteapperrors,False,0,
appdeleteapp,False,0,
apptokencreateauthtoken,False,0,
apptokencreateapperrors,False,0,
apptokencreateapptoken,False,0,
apptokendeleteapperrors,False,0,
apptokendeleteapptoken,False,0,
apptokenverifyvalid,False,0,
apptokenverifyapperrors,False,0,
appinstallapperrors,False,0,
appinstallappinstallation,False,0,
appretryinstallapperrors,False,0,
appretryinstallappinstallation,False,0,
appdeletefailedinstallationapperrors,False,0,
appdeletefailedinstallationappinstallation,False,0,
appfetchmanifestmanifest,False,0,
appfetchmanifestapperrors,False,0,
manifestidentifier,False,0,
manifestversion,False,0,
manifestname,False,0,
manifestabout,False,0,
manifestpermissions,False,0,
manifestappurl,False,0,
manifestconfigurationurl,False,0,
manifesttokentargeturl,False,0,
manifestdataprivacy,False,0,
manifestdataprivacyurl,False,0,
manifesthomepageurl,False,0,
manifestsupporturl,False,0,
appactivateapperrors,False,0,
appactivateapp,False,0,
appdeactivateapperrors,False,0,
appdeactivateapp,False,0,
createtokentoken,False,0,
createtokenrefreshtoken,False,0,
createtokencsrftoken,False,0,
createtokenuser,False,0,
createtokenaccounterrors,False,0,
accounterrorfield,False,0,
accounterrormessage,False,0,
accounterrorcode,False,0,
refreshtokentoken,False,0,
refreshtokenuser,False,0,
refreshtokenaccounterrors,False,0,
verifytokenuser,False,0,
verifytokenisvalid,False,0,
verifytokenpayload,False,0,
verifytokenaccounterrors,False,0,
deactivateallusertokensaccounterrors,False,0,
requestpasswordresetaccounterrors,False,0,
confirmaccountuser,False,0,
confirmaccountaccounterrors,False,0,
setpasswordtoken,False,0,
setpasswordrefreshtoken,False,0,
setpasswordcsrftoken,False,0,
setpassworduser,False,0,
setpasswordaccounterrors,False,0,
passwordchangeuser,False,0,
passwordchangeaccounterrors,False,0,
requestemailchangeuser,False,0,
requestemailchangeaccounterrors,False,0,
confirmemailchangeuser,False,0,
confirmemailchangeaccounterrors,False,0,
accountaddresscreateuser,False,0,
accountaddresscreateaccounterrors,False,0,
accountaddresscreateaddress,False,0,
accountaddressupdateuser,False,0,
accountaddressupdateaccounterrors,False,0,
accountaddressupdateaddress,False,0,
accountaddressdeleteuser,False,0,
accountaddressdeleteaccounterrors,False,0,
accountaddressdeleteaddress,False,0,
accountsetdefaultaddressuser,False,0,
accountsetdefaultaddressaccounterrors,False,0,
accountregisterrequiresconfirmation,False,0,
accountregisteraccounterrors,False,0,
accountregisteruser,False,0,
accountupdateaccounterrors,False,0,
accountupdateuser,False,0,
accountrequestdeletionaccounterrors,False,0,
accountdeleteaccounterrors,False,0,
accountdeleteuser,False,0,
accountupdatemetaaccounterrors,False,0,
accountupdatemetauser,False,0,
addresscreateuser,False,0,
addresscreateaccounterrors,False,0,
addresscreateaddress,False,0,
addressupdateuser,False,0,
addressupdateaccounterrors,False,0,
addressupdateaddress,False,0,
addressdeleteuser,False,0,
addressdeleteaccounterrors,False,0,
addressdeleteaddress,False,0,
addresssetdefaultuser,False,0,
addresssetdefaultaccounterrors,False,0,
customercreateaccounterrors,False,0,
customercreateuser,False,0,
customerupdateaccounterrors,False,0,
customerupdateuser,False,0,
customerdeleteaccounterrors,False,0,
customerdeleteuser,False,0,
customerbulkdeletecount,False,0,
customerbulkdeleteaccounterrors,False,0,
staffcreatestafferrors,False,0,
staffcreateuser,False,0,
stafferrorfield,False,0,
stafferrormessage,False,0,
stafferrorcode,False,0,
stafferrorpermissions,False,0,
stafferrorgroups,False,0,
stafferrorusers,False,0,
staffupdatestafferrors,False,0,
staffupdateuser,False,0,
staffdeletestafferrors,False,0,
staffdeleteuser,False,0,
staffbulkdeletecount,False,0,
staffbulkdeletestafferrors,False,0,
useravatarupdateuser,False,0,
useravatarupdateaccounterrors,False,0,
useravatardeleteuser,False,0,
useravatardeleteaccounterrors,False,0,
userbulksetactivecount,False,0,
userbulksetactiveaccounterrors,False,0,
userupdatemetaaccounterrors,False,0,
userupdatemetauser,False,0,
userclearmetaaccounterrors,False,0,
userclearmetauser,False,0,
userupdateprivatemetaaccounterrors,False,0,
userupdateprivatemetauser,False,0,
userclearprivatemetaaccounterrors,False,0,
userclearprivatemetauser,False,0,
serviceaccountcreateauthtoken,False,0,
serviceaccountcreateaccounterrors,False,0,
serviceaccountcreateserviceaccount,False,0,
serviceaccountupdateaccounterrors,False,0,
serviceaccountupdateserviceaccount,False,0,
serviceaccountdeleteaccounterrors,False,0,
serviceaccountdeleteserviceaccount,False,0,
serviceaccountupdateprivatemetaaccounterrors,False,0,
serviceaccountupdateprivatemetaserviceaccount,False,0,
serviceaccountclearprivatemetaaccounterrors,False,0,
serviceaccountclearprivatemetaserviceaccount,False,0,
serviceaccounttokencreateauthtoken,False,0,
serviceaccounttokencreateaccounterrors,False,0,
serviceaccounttokencreateserviceaccounttoken,False,0,
serviceaccounttokendeleteaccounterrors,False,0,
serviceaccounttokendeleteserviceaccounttoken,False,0,
permissiongroupcreatepermissiongrouperrors,False,0,
permissiongroupcreategroup,False,0,
permissiongrouperrorfield,False,0,
permissiongrouperrormessage,False,0,
permissiongrouperrorcode,False,0,
permissiongrouperrorpermissions,False,0,
permissiongrouperrorusers,False,0,
permissiongroupupdatepermissiongrouperrors,False,0,
permissiongroupupdategroup,False,0,
permissiongroupdeletepermissiongrouperrors,False,0,
permissiongroupdeletegroup,False,0,
