schemaTuple,visited,timesVisited
querywebhook,True,4
querywebhookevents,True,1
querywebhooksamplepayload,True,12
querywarehouse,True,4
querywarehouses,True,12
querytranslations,True,12
querytranslation,True,24
querystock,True,2
querystocks,True,6
queryshop,True,31
queryshippingzone,True,4
queryshippingzones,True,1
querydigitalcontent,True,9
querydigitalcontents,True,1
queryattributes,True,75
queryattribute,True,9
querycategories,True,35
querycategory,True,40
querycollection,True,30
querycollections,True,28
queryproduct,True,46
queryproducts,True,117
queryproducttype,True,12
queryproducttypes,True,29
queryproductvariant,True,46
queryproductvariants,True,22
queryreportproductsales,True,2
querypayment,True,1
querypayments,True,2
querypage,True,8
querypages,True,16
queryhomepageevents,True,2
queryorder,True,26
queryorders,True,98
querydraftorders,True,46
queryorderstotal,True,2
queryorderbytoken,True,31
querymenu,True,8
querymenus,True,12
querymenuitem,True,4
querymenuitems,True,8
querygiftcard,True,6
querygiftcards,True,1
queryplugin,True,2
queryplugins,True,10
querysale,True,1
querysales,True,35
queryvoucher,True,2
queryvouchers,True,45
queryexportfile,True,4
queryexportfiles,True,12
querytaxtypes,False,0
querycheckout,True,41
querycheckouts,True,1
querycheckoutline,True,1
querycheckoutlines,True,1
queryappsinstallations,True,2
queryapps,True,15
queryapp,True,11
queryaddressvalidationrules,True,3
queryaddress,True,5
querycustomers,True,56
querypermissiongroups,True,10
querypermissiongroup,True,5
queryme,True,13
querystaffusers,True,31
queryuser,True,37
query_entities,True,2
query_service,False,0
webhookname,True,8
webhooktargeturl,False,0
webhookisactive,True,7
webhooksecretkey,False,0
webhookid,True,12
webhookevents,True,7
webhookapp,False,0
nodeid,False,0
webhookeventeventtype,True,8
webhookeventname,True,1
serviceaccountid,False,0
serviceaccountname,False,0
serviceaccountcreated,False,0
serviceaccountisactive,False,0
serviceaccountpermissions,False,0
serviceaccounttokens,False,0
serviceaccountprivatemetadata,False,0
serviceaccountmetadata,False,0
objectwithmetadataprivatemetadata,True,51
objectwithmetadatametadata,True,50
metadataitemkey,True,220
metadataitemvalue,True,220
metastorenamespace,False,0
metastoreclients,False,0
metaclientstorename,False,0
metaclientstoremetadata,False,0
metaitemkey,False,0
metaitemvalue,False,0
permissioncode,True,91
permissionname,True,71
serviceaccounttokenname,False,0
serviceaccounttokenauthtoken,False,0
serviceaccounttokenid,False,0
appid,True,33
appname,True,59
appcreated,True,3
appisactive,True,29
apppermissions,True,18
apptokens,True,18
appprivatemetadata,True,4
appmetadata,True,4
apptype,True,8
appwebhooks,True,8
appaboutapp,True,8
appdataprivacy,True,8
appdataprivacyurl,True,8
apphomepageurl,True,8
appsupporturl,True,8
appconfigurationurl,True,8
appappurl,True,8
appversion,False,0
appaccesstoken,True,3
apptokenname,True,9
apptokenauthtoken,True,27
apptokenid,True,5
webhookcountableconnectionpageinfo,False,0
webhookcountableconnectionedges,False,0
webhookcountableconnectiontotalcount,False,0
pageinfohasnextpage,True,267
pageinfohaspreviouspage,True,265
pageinfostartcursor,True,265
pageinfoendcursor,True,266
webhookcountableedgenode,False,0
webhookcountableedgecursor,False,0
warehouseid,True,25
warehousename,True,55
warehouseslug,True,63
warehousecompanyname,True,32
warehouseshippingzones,True,5
warehouseaddress,True,26
warehouseemail,True,11
shippingzonecountableconnectionpageinfo,False,0
shippingzonecountableconnectionedges,True,6
shippingzonecountableconnectiontotalcount,True,1
shippingzonecountableedgenode,True,6
shippingzonecountableedgecursor,False,0
shippingzoneid,True,15
shippingzonename,True,22
shippingzonedefault,True,5
shippingzonepricerange,True,2
shippingzonecountries,True,10
shippingzoneshippingmethods,True,4
shippingzonewarehouses,True,14
moneyrangestart,True,3
moneyrangestop,True,3
moneycurrency,True,248
moneyamount,True,468
countrydisplaycode,True,73
countrydisplaycountry,True,55
countrydisplayvat,True,2
vatcountrycode,False,0
vatstandardrate,True,2
vatreducedrates,True,1
reducedraterate,True,1
reducedrateratetype,True,1
shippingmethodid,True,28
shippingmethodname,True,38
shippingmethodprice,True,37
shippingmethodminimumorderprice,True,9
shippingmethodmaximumorderprice,True,7
shippingmethodminimumorderweight,True,7
shippingmethodmaximumorderweight,True,7
shippingmethodtype,True,10
shippingmethodtranslation,True,4
weightunit,True,50
weightvalue,True,50
shippingmethodtranslationid,False,0
shippingmethodtranslationname,True,6
shippingmethodtranslationlanguage,True,4
languagedisplaycode,True,52
languagedisplaylanguage,True,12
addressid,True,91
addressfirstname,True,71
addresslastname,True,71
addresscompanyname,True,48
addressstreetaddress1,True,85
addressstreetaddress2,True,84
addresscity,True,73
addresscityarea,True,19
addresspostalcode,True,59
addresscountry,True,55
addresscountryarea,True,48
addressphone,True,71
addressisdefaultshippingaddress,True,44
addressisdefaultbillingaddress,True,44
warehousecountableconnectionpageinfo,True,5
warehousecountableconnectionedges,True,12
warehousecountableconnectiontotalcount,True,7
warehousecountableedgenode,True,12
warehousecountableedgecursor,False,0
translatableitemconnectionpageinfo,False,0
translatableitemconnectionedges,True,12
translatableitemconnectiontotalcount,False,0
translatableitemedgenode,True,12
translatableitemedgecursor,False,0
producttranslatablecontentid,True,3
producttranslatablecontentseotitle,False,0
producttranslatablecontentseodescription,False,0
producttranslatablecontentname,True,4
producttranslatablecontentdescription,False,0
producttranslatablecontentdescriptionjson,False,0
producttranslatablecontenttranslation,True,4
producttranslatablecontentproduct,True,3
producttranslationid,True,8
producttranslationseotitle,True,8
producttranslationseodescription,True,8
producttranslationname,True,16
producttranslationdescription,False,0
producttranslationdescriptionjson,True,8
producttranslationlanguage,True,12
productid,True,203
productseotitle,True,19
productseodescription,True,19
productname,True,206
productdescription,True,2
productdescriptionjson,True,26
productpublicationdate,True,10
productproducttype,True,57
productslug,True,39
productcategory,True,52
productupdatedat,True,10
productchargetaxes,True,8
productweight,True,26
productavailableforpurchase,True,27
productvisibleinlistings,True,18
productdefaultvariant,True,3
productprivatemetadata,True,4
productmetadata,True,4
productthumbnail,True,170
productpricing,True,55
productisavailable,True,21
productminimalvariantprice,True,1
producttaxtype,True,8
productattributes,True,43
productpurchasecost,True,2
productmargin,True,2
productimagebyid,True,1
productvariants,True,25
productimages,True,12
productcollections,True,2
producttranslation,True,12
productisavailableforpurchase,True,27
productispublished,True,30
producttypeid,True,73
producttypename,True,81
producttypeslug,True,18
producttypehasvariants,True,14
producttypeisshippingrequired,True,36
producttypeisdigital,False,0
producttypeweight,True,1
producttypeprivatemetadata,True,4
producttypemetadata,True,4
producttypeproducts,True,2
producttypetaxrate,True,8
producttypetaxtype,True,1
producttypevariantattributes,True,24
producttypeproductattributes,True,24
producttypeavailableattributes,True,2
productcountableconnectionpageinfo,True,60
productcountableconnectionedges,True,149
productcountableconnectiontotalcount,True,64
productcountableedgenode,True,149
productcountableedgecursor,True,1
taxtypedescription,True,9
taxtypetaxcode,True,9
attributeid,True,140
attributeproducttypes,True,10
attributeproductvarianttypes,False,0
attributeprivatemetadata,True,4
attributemetadata,True,4
attributeinputtype,False,0
attributename,True,157
attributeslug,True,118
attributevalues,True,61
attributevaluerequired,True,1
attributevisibleinstorefront,True,1
attributefilterableinstorefront,True,1
attributefilterableindashboard,True,1
attributeavailableingrid,True,1
attributetranslation,True,4
attributestorefrontsearchposition,True,1
producttypecountableconnectionpageinfo,True,12
producttypecountableconnectionedges,True,39
producttypecountableconnectiontotalcount,True,1
producttypecountableedgenode,True,39
producttypecountableedgecursor,False,0
attributevalueid,True,87
attributevaluename,True,174
attributevalueslug,True,62
attributevaluetranslation,True,5
attributevalueinputtype,True,1
attributevaluetranslationid,True,1
attributevaluetranslationname,True,6
attributevaluetranslationlanguage,True,4
attributetranslationid,True,1
attributetranslationname,True,5
attributetranslationlanguage,True,3
attributecountableconnectionpageinfo,True,15
attributecountableconnectionedges,True,77
attributecountableconnectiontotalcount,True,4
attributecountableedgenode,True,77
attributecountableedgecursor,False,0
categoryseotitle,True,17
categoryseodescription,True,17
categoryid,True,129
categoryname,True,184
categorydescription,True,7
categorydescriptionjson,True,9
categoryslug,True,20
categoryparent,True,10
categorylevel,False,0
categoryprivatemetadata,True,4
categorymetadata,True,4
categoryancestors,True,25
categoryproducts,True,31
categorychildren,True,20
categorybackgroundimage,True,27
categorytranslation,True,5
categorycountableconnectionpageinfo,True,20
categorycountableconnectionedges,True,71
categorycountableconnectiontotalcount,True,14
categorycountableedgenode,True,71
categorycountableedgecursor,False,0
imageurl,True,218
imagealt,True,98
categorytranslationseotitle,True,1
categorytranslationseodescription,True,1
categorytranslationid,True,1
categorytranslationname,True,6
categorytranslationdescription,False,0
categorytranslationdescriptionjson,True,1
categorytranslationlanguage,True,5
productvariantid,True,127
productvariantname,True,80
productvariantsku,True,100
productvariantproduct,True,46
productvarianttrackinventory,True,6
productvariantweight,True,9
productvariantprivatemetadata,True,4
productvariantmetadata,True,4
productvariantprice,True,30
productvariantpricing,True,52
productvariantattributes,True,54
productvariantcostprice,True,14
productvariantmargin,True,1
productvariantquantityordered,True,3
productvariantrevenue,True,2
productvariantimages,True,11
productvarianttranslation,True,4
productvariantdigitalcontent,True,2
productvariantstocks,True,37
productvariantquantityavailable,True,53
variantpricinginfoonsale,True,48
variantpricinginfodiscount,True,1
variantpricinginfodiscountlocalcurrency,True,2
variantpricinginfoprice,True,50
variantpricinginfopriceundiscounted,True,52
variantpricinginfopricelocalcurrency,True,2
taxedmoneycurrency,True,34
taxedmoneygross,True,229
taxedmoneynet,True,82
taxedmoneytax,False,0
selectedattributeattribute,True,95
selectedattributevalues,True,90
productimageid,True,24
productimagesortorder,False,0
productimagealt,True,21
productimageurl,True,24
productvarianttranslationid,False,0
productvarianttranslationname,True,7
productvarianttranslationlanguage,True,4
digitalcontentusedefaultsettings,False,0
digitalcontentautomaticfulfillment,True,2
digitalcontentproductvariant,False,0
digitalcontentcontentfile,True,3
digitalcontentmaxdownloads,True,2
digitalcontenturlvaliddays,True,2
digitalcontenturls,False,0
digitalcontentid,True,7
digitalcontentprivatemetadata,True,4
digitalcontentmetadata,True,4
digitalcontenturlcontent,False,0
digitalcontenturlcreated,False,0
digitalcontenturldownloadnum,False,0
digitalcontenturlid,True,1
digitalcontenturlurl,True,1
digitalcontenturltoken,False,0
stockwarehouse,True,39
stockproductvariant,True,3
stockquantity,True,39
stockid,True,20
stockquantityallocated,True,15
productpricinginfoonsale,True,34
productpricinginfodiscount,True,1
productpricinginfodiscountlocalcurrency,False,0
productpricinginfopricerange,True,47
productpricinginfopricerangeundiscounted,True,52
productpricinginfopricerangelocalcurrency,True,1
taxedmoneyrangestart,True,100
taxedmoneyrangestop,True,79
marginstart,True,1
marginstop,True,1
collectionseotitle,True,4
collectionseodescription,True,4
collectionid,True,35
collectionname,True,64
collectiondescription,True,8
collectiondescriptionjson,True,7
collectionpublicationdate,True,10
collectionslug,True,22
collectionprivatemetadata,True,4
collectionmetadata,True,4
collectionproducts,True,30
collectionbackgroundimage,True,12
collectiontranslation,True,5
collectionispublished,True,16
collectiontranslationseotitle,True,1
collectiontranslationseodescription,True,1
collectiontranslationid,True,1
collectiontranslationname,True,8
collectiontranslationdescription,False,0
collectiontranslationdescriptionjson,True,1
collectiontranslationlanguage,True,5
collectiontranslatablecontentseotitle,False,0
collectiontranslatablecontentseodescription,False,0
collectiontranslatablecontentid,True,3
collectiontranslatablecontentname,True,3
collectiontranslatablecontentdescription,False,0
collectiontranslatablecontentdescriptionjson,False,0
collectiontranslatablecontenttranslation,True,3
collectiontranslatablecontentcollection,True,3
categorytranslatablecontentseotitle,False,0
categorytranslatablecontentseodescription,False,0
categorytranslatablecontentid,True,1
categorytranslatablecontentname,True,1
categorytranslatablecontentdescription,False,0
categorytranslatablecontentdescriptionjson,False,0
categorytranslatablecontenttranslation,True,1
categorytranslatablecontentcategory,True,1
attributetranslatablecontentid,True,1
attributetranslatablecontentname,True,1
attributetranslatablecontenttranslation,True,1
attributetranslatablecontentattribute,True,1
attributevaluetranslatablecontentid,True,1
attributevaluetranslatablecontentname,True,1
attributevaluetranslatablecontenttranslation,True,1
attributevaluetranslatablecontentattributevalue,True,1
productvarianttranslatablecontentid,True,3
productvarianttranslatablecontentname,True,3
productvarianttranslatablecontenttranslation,True,3
productvarianttranslatablecontentproductvariant,True,3
pagetranslatablecontentseotitle,False,0
pagetranslatablecontentseodescription,False,0
pagetranslatablecontentid,True,3
pagetranslatablecontenttitle,True,3
pagetranslatablecontentcontent,False,0
pagetranslatablecontentcontentjson,False,0
pagetranslatablecontenttranslation,True,5
pagetranslatablecontentpage,True,3
pagetranslationseotitle,False,0
pagetranslationseodescription,False,0
pagetranslationid,False,0
pagetranslationtitle,True,7
pagetranslationcontent,False,0
pagetranslationcontentjson,False,0
pagetranslationlanguage,True,4
pageseotitle,False,0
pageseodescription,False,0
pageid,True,26
pagetitle,True,28
pagecontent,True,3
pagecontentjson,True,3
pagepublicationdate,True,7
pageslug,True,15
pagecreated,False,0
pageprivatemetadata,False,0
pagemetadata,False,0
pagetranslation,True,2
pageispublished,True,9
shippingmethodtranslatablecontentid,True,2
shippingmethodtranslatablecontentname,True,2
shippingmethodtranslatablecontenttranslation,True,2
shippingmethodtranslatablecontentshippingmethod,True,2
saletranslatablecontentid,True,2
saletranslatablecontentname,True,2
saletranslatablecontenttranslation,True,2
saletranslatablecontentsale,True,2
saletranslationid,False,0
saletranslationname,True,4
saletranslationlanguage,True,2
saleid,True,18
salename,True,39
saletype,True,3
salevalue,True,2
salestartdate,True,14
saleenddate,True,1
salecategories,False,0
salecollections,False,0
saleproducts,False,0
saletranslation,True,2
collectioncountableconnectionpageinfo,True,12
collectioncountableconnectionedges,True,28
collectioncountableconnectiontotalcount,False,0
collectioncountableedgenode,True,28
collectioncountableedgecursor,False,0
vouchertranslatablecontentid,True,2
vouchertranslatablecontentname,True,2
vouchertranslatablecontenttranslation,True,2
vouchertranslatablecontentvoucher,True,2
vouchertranslationid,False,0
vouchertranslationname,True,6
vouchertranslationlanguage,True,4
voucherid,True,17
vouchername,True,53
vouchertype,True,6
vouchercode,True,10
voucherusagelimit,True,1
voucherused,True,1
voucherstartdate,True,20
voucherenddate,True,5
voucherapplyonceperorder,True,6
voucherapplyoncepercustomer,True,6
voucherdiscountvaluetype,True,7
voucherdiscountvalue,True,1
voucherminspent,True,5
vouchermincheckoutitemsquantity,True,6
vouchercategories,False,0
vouchercollections,False,0
voucherproducts,False,0
vouchercountries,True,1
vouchertranslation,True,4
menuitemtranslatablecontentid,True,3
menuitemtranslatablecontentname,True,3
menuitemtranslatablecontenttranslation,True,3
menuitemtranslatablecontentmenuitem,True,3
menuitemtranslationid,False,0
menuitemtranslationname,True,6
menuitemtranslationlanguage,True,3
menuitemid,True,44
menuitemname,True,18
menuitemmenu,True,1
menuitemparent,True,15
menuitemcategory,True,4
menuitemcollection,True,3
menuitempage,True,5
menuitemlevel,False,0
menuitemchildren,True,15
menuitemurl,True,6
menuitemtranslation,True,3
menuid,True,16
menuname,True,31
menuslug,True,15
menuitems,True,8
stockcountableconnectionpageinfo,False,0
stockcountableconnectionedges,True,6
stockcountableconnectiontotalcount,True,6
stockcountableedgenode,True,6
stockcountableedgecursor,False,0
shopavailablepaymentgateways,True,3
shopgeolocalization,True,2
shopauthorizationkeys,True,1
shopcountries,True,7
shopdefaultcountry,True,4
shopdefaultmailsendername,True,14
shopdefaultmailsenderaddress,True,14
shopdescription,True,2
shopdomain,True,3
shoplanguages,True,2
shopname,True,4
shoppermissions,True,2
shopphoneprefixes,False,0
shopheadertext,True,1
shopincludetaxesinprices,True,2
shopdisplaygrossprices,True,1
shopchargetaxesonshipping,True,2
shoptrackinventorybydefault,True,1
shopdefaultweightunit,True,1
shoptranslation,True,2
shopautomaticfulfillmentdigitalproducts,True,2
shopdefaultdigitalmaxdownloads,True,2
shopdefaultdigitalurlvaliddays,True,2
shopcompanyaddress,True,1
shopcustomersetpasswordurl,True,4
shopstaffnotificationrecipients,True,1
paymentgatewayname,True,29
paymentgatewayid,True,29
paymentgatewayconfig,True,26
paymentgatewaycurrencies,True,19
gatewayconfiglinefield,True,26
gatewayconfiglinevalue,True,26
geolocalizationcountry,True,2
authorizationkeyname,True,3
authorizationkeykey,True,3
domainhost,True,3
domainsslenabled,True,1
domainurl,True,2
navigationmain,False,0
navigationsecondary,False,0
shoptranslationid,False,0
shoptranslationheadertext,True,2
shoptranslationdescription,False,0
shoptranslationlanguage,True,2
staffnotificationrecipientuser,True,9
staffnotificationrecipientactive,True,9
staffnotificationrecipientid,False,0
staffnotificationrecipientemail,True,9
userid,True,161
userlastlogin,True,5
useremail,True,185
userfirstname,True,114
userlastname,True,68
userisstaff,True,23
userisactive,True,30
usernote,True,7
userdatejoined,True,5
userdefaultshippingaddress,True,17
userdefaultbillingaddress,True,17
userprivatemetadata,True,5
usermetadata,True,5
useraddresses,True,6
usercheckout,True,2
usergiftcards,True,1
userorders,True,7
useruserpermissions,True,34
userpermissiongroups,True,23
usereditablegroups,True,4
useravatar,True,21
userevents,True,12
userstoredpaymentsources,True,2
checkoutcreated,False,0
checkoutlastchange,False,0
checkoutuser,True,4
checkoutquantity,False,0
checkoutbillingaddress,True,23
checkoutshippingaddress,True,23
checkoutshippingmethod,True,23
checkoutnote,False,0
checkoutdiscount,True,23
checkoutdiscountname,True,23
checkouttranslateddiscountname,True,23
checkoutvouchercode,True,45
checkoutgiftcards,True,25
checkoutid,True,98
checkoutprivatemetadata,True,5
checkoutmetadata,True,5
checkoutavailableshippingmethods,True,29
checkoutavailablepaymentgateways,True,26
checkoutemail,True,47
checkoutisshippingrequired,True,24
checkoutlines,True,67
checkoutshippingprice,True,23
checkoutsubtotalprice,True,26
checkouttoken,True,96
checkouttotalprice,True,43
giftcardcode,True,3
giftcarduser,True,15
giftcardcreated,True,9
giftcardstartdate,True,9
giftcardenddate,True,9
giftcardlastusedon,True,9
giftcardisactive,True,15
giftcardinitialbalance,True,9
giftcardcurrentbalance,True,15
giftcardid,True,32
giftcarddisplaycode,True,43
checkoutlineid,True,26
checkoutlinevariant,True,43
checkoutlinequantity,True,72
checkoutlinetotalprice,True,26
checkoutlinerequiresshipping,False,0
giftcardcountableconnectionpageinfo,False,0
giftcardcountableconnectionedges,True,2
giftcardcountableconnectiontotalcount,True,1
giftcardcountableedgenode,True,2
giftcardcountableedgecursor,False,0
ordercountableconnectionpageinfo,True,64
ordercountableconnectionedges,True,143
ordercountableconnectiontotalcount,True,110
ordercountableedgenode,True,143
ordercountableedgecursor,False,0
orderid,True,197
ordercreated,True,27
orderstatus,True,32
orderuser,True,2
orderlanguagecode,False,0
ordertrackingclientid,False,0
orderbillingaddress,True,18
ordershippingaddress,True,14
ordershippingmethod,False,0
ordershippingmethodname,False,0
ordershippingprice,True,6
ordertoken,True,30
ordervoucher,True,3
ordergiftcards,True,1
orderdiscount,True,3
orderdiscountname,True,3
ordertranslateddiscountname,False,0
orderdisplaygrossprices,False,0
ordercustomernote,True,3
orderweight,False,0
orderprivatemetadata,True,12
ordermetadata,True,12
orderfulfillments,True,12
orderlines,True,13
orderactions,False,0
orderavailableshippingmethods,True,2
orderinvoices,True,2
ordernumber,True,89
orderispaid,True,5
orderpaymentstatus,True,19
orderpaymentstatusdisplay,True,10
orderpayments,True,1
ordertotal,True,76
ordersubtotal,True,6
orderstatusdisplay,True,6
ordercanfinalize,True,4
ordertotalauthorized,False,0
ordertotalcaptured,True,1
orderevents,True,5
ordertotalbalance,False,0
orderuseremail,True,30
orderisshippingrequired,False,0
fulfillmentid,True,5
fulfillmentfulfillmentorder,True,2
fulfillmentstatus,True,5
fulfillmenttrackingnumber,True,4
fulfillmentcreated,False,0
fulfillmentprivatemetadata,True,4
fulfillmentmetadata,True,4
fulfillmentlines,True,1
fulfillmentstatusdisplay,False,0
fulfillmentwarehouse,True,1
fulfillmentlineid,False,0
fulfillmentlinequantity,True,2
fulfillmentlineorderline,True,2
orderlineid,True,24
orderlineproductname,True,9
orderlinevariantname,True,1
orderlineproductsku,True,6
orderlineisshippingrequired,False,0
orderlinequantity,True,15
orderlinequantityfulfilled,False,0
orderlinetaxrate,False,0
orderlinedigitalcontenturl,False,0
orderlinethumbnail,True,1
orderlineunitprice,True,6
orderlinetotalprice,True,5
orderlinevariant,True,8
orderlinetranslatedproductname,False,0
orderlinetranslatedvariantname,False,0
orderlineallocations,True,2
allocationid,True,2
allocationquantity,True,2
allocationwarehouse,True,2
invoiceid,True,7
invoicemetadata,True,4
invoicestatus,True,11
invoicenumber,True,16
invoiceexternalurl,True,2
invoiceprivatemetadata,False,0
invoicecreatedat,False,0
invoiceupdatedat,False,0
invoicemessage,False,0
invoiceurl,True,14
jobstatus,False,0
jobcreatedat,False,0
jobupdatedat,False,0
jobmessage,False,0
paymentid,True,17
paymentgateway,True,4
paymentisactive,False,0
paymentcreated,False,0
paymentmodified,False,0
paymenttoken,True,3
paymentcheckout,False,0
paymentorder,False,0
paymentcustomeripaddress,False,0
paymentchargestatus,True,20
paymentactions,True,1
paymenttotal,True,4
paymentcapturedamount,True,1
paymenttransactions,True,10
paymentavailablecaptureamount,False,0
paymentavailablerefundamount,False,0
paymentcreditcard,True,3
transactionid,False,0
transactioncreated,False,0
transactionpayment,False,0
transactiontoken,True,9
transactionkind,True,9
transactionissuccess,False,0
transactionerror,False,0
transactionamount,True,1
creditcardbrand,True,3
creditcardfirstdigits,True,4
creditcardlastdigits,True,4
creditcardexpmonth,True,3
creditcardexpyear,True,3
ordereventid,True,3
ordereventdate,True,4
ordereventtype,True,5
ordereventuser,True,7
ordereventmessage,True,7
ordereventemail,True,4
ordereventemailtype,True,4
ordereventamount,True,4
ordereventpaymentid,True,2
ordereventpaymentgateway,True,2
ordereventquantity,True,4
ordereventcomposedid,True,3
ordereventordernumber,True,3
ordereventinvoicenumber,True,1
ordereventoversolditems,True,1
ordereventlines,True,2
ordereventfulfilleditems,True,1
ordereventwarehouse,True,1
ordereventorderlineobjectquantity,True,2
ordereventorderlineobjectorderline,True,1
ordereventorderlineobjectitemname,False,0
userpermissioncode,True,34
userpermissionname,True,7
userpermissionsourcepermissiongroups,True,4
groupid,True,55
groupname,True,92
grouppermissions,True,67
groupusers,True,46
groupusercanmanage,True,9
customereventid,True,11
customereventdate,False,0
customereventtype,True,11
customereventuser,True,11
customereventmessage,True,11
customereventcount,True,11
customereventorder,True,11
customereventorderline,True,12
paymentsourcegateway,True,1
paymentsourcecreditcardinfo,True,2
digitalcontentcountableconnectionpageinfo,False,0
digitalcontentcountableconnectionedges,True,1
digitalcontentcountableconnectiontotalcount,False,0
digitalcontentcountableedgenode,True,1
digitalcontentcountableedgecursor,False,0
productvariantcountableconnectionpageinfo,False,0
productvariantcountableconnectionedges,True,24
productvariantcountableconnectiontotalcount,True,1
productvariantcountableedgenode,True,24
productvariantcountableedgecursor,False,0
paymentcountableconnectionpageinfo,False,0
paymentcountableconnectionedges,True,2
paymentcountableconnectiontotalcount,False,0
paymentcountableedgenode,True,2
paymentcountableedgecursor,False,0
pagecountableconnectionpageinfo,False,0
pagecountableconnectionedges,True,16
pagecountableconnectiontotalcount,True,5
pagecountableedgenode,True,16
pagecountableedgecursor,False,0
ordereventcountableconnectionpageinfo,False,0
ordereventcountableconnectionedges,True,2
ordereventcountableconnectiontotalcount,False,0
ordereventcountableedgenode,True,2
ordereventcountableedgecursor,False,0
menucountableconnectionpageinfo,True,4
menucountableconnectionedges,True,12
menucountableconnectiontotalcount,True,4
menucountableedgenode,True,12
menucountableedgecursor,False,0
menuitemcountableconnectionpageinfo,True,4
menuitemcountableconnectionedges,True,8
menuitemcountableconnectiontotalcount,True,2
menuitemcountableedgenode,True,8
menuitemcountableedgecursor,False,0
pluginid,True,8
pluginname,True,11
plugindescription,True,7
pluginactive,True,7
pluginconfiguration,True,7
configurationitemname,True,7
configurationitemvalue,True,7
configurationitemtype,True,7
configurationitemhelptext,True,7
configurationitemlabel,True,7
plugincountableconnectionpageinfo,False,0
plugincountableconnectionedges,True,10
plugincountableconnectiontotalcount,True,5
plugincountableedgenode,True,10
plugincountableedgecursor,False,0
salecountableconnectionpageinfo,True,12
salecountableconnectionedges,True,35
salecountableconnectiontotalcount,False,0
salecountableedgenode,True,35
salecountableedgecursor,False,0
vouchercountableconnectionpageinfo,True,16
vouchercountableconnectionedges,True,45
vouchercountableconnectiontotalcount,False,0
vouchercountableedgenode,True,45
vouchercountableedgecursor,False,0
exportfileid,True,22
exportfileuser,True,22
exportfileapp,True,22
exportfilestatus,True,22
exportfilecreatedat,True,22
exportfileupdatedat,True,22
exportfilemessage,False,0
exportfileurl,True,22
exportfileevents,True,4
exporteventid,False,0
exporteventdate,True,4
exporteventtype,True,4
exporteventuser,True,4
exporteventapp,True,4
exporteventmessage,True,4
exportfilecountableconnectionpageinfo,False,0
exportfilecountableconnectionedges,True,12
exportfilecountableconnectiontotalcount,False,0
exportfilecountableedgenode,True,12
exportfilecountableedgecursor,False,0
checkoutcountableconnectionpageinfo,False,0
checkoutcountableconnectionedges,True,1
checkoutcountableconnectiontotalcount,False,0
checkoutcountableedgenode,True,1
checkoutcountableedgecursor,False,0
checkoutlinecountableconnectionpageinfo,False,0
checkoutlinecountableconnectionedges,True,1
checkoutlinecountableconnectiontotalcount,False,0
checkoutlinecountableedgenode,True,1
checkoutlinecountableedgecursor,False,0
appinstallationappname,True,7
appinstallationmanifesturl,True,7
appinstallationid,True,8
appinstallationstatus,True,7
appinstallationcreatedat,False,0
appinstallationupdatedat,False,0
appinstallationmessage,True,1
appcountableconnectionpageinfo,True,6
appcountableconnectionedges,True,15
appcountableconnectiontotalcount,False,0
appcountableedgenode,True,15
appcountableedgecursor,False,0
addressvalidationdatacountrycode,True,2
addressvalidationdatacountryname,True,2
addressvalidationdataaddressformat,True,1
addressvalidationdataaddresslatinformat,True,1
addressvalidationdataallowedfields,True,1
addressvalidationdatarequiredfields,True,1
addressvalidationdataupperfields,False,0
addressvalidationdatacountryareatype,True,1
addressvalidationdatacountryareachoices,True,1
addressvalidationdatacitytype,True,1
addressvalidationdatacitychoices,True,1
addressvalidationdatacityareatype,True,1
addressvalidationdatacityareachoices,True,1
addressvalidationdatapostalcodetype,False,0
addressvalidationdatapostalcodematchers,True,1
addressvalidationdatapostalcodeexamples,False,0
addressvalidationdatapostalcodeprefix,False,0
choicevalueraw,True,3
choicevalueverbose,True,3
usercountableconnectionpageinfo,True,33
usercountableconnectionedges,True,86
usercountableconnectiontotalcount,True,37
usercountableedgenode,True,86
usercountableedgecursor,True,1
groupcountableconnectionpageinfo,True,5
groupcountableconnectionedges,True,10
groupcountableconnectiontotalcount,False,0
groupcountableedgenode,True,10
groupcountableedgecursor,False,0
serviceaccountcountableconnectionpageinfo,False,0
serviceaccountcountableconnectionedges,False,0
serviceaccountcountableconnectiontotalcount,False,0
serviceaccountcountableedgenode,False,0
serviceaccountcountableedgecursor,False,0
mutationwebhookcreate,True,8
mutationwebhookdelete,True,5
mutationwebhookupdate,True,3
mutationcreatewarehouse,True,7
mutationupdatewarehouse,True,14
mutationdeletewarehouse,True,2
mutationassignwarehouseshippingzone,True,2
mutationunassignwarehouseshippingzone,True,1
mutationauthorizationkeyadd,True,1
mutationauthorizationkeydelete,True,1
mutationstaffnotificationrecipientcreate,True,5
mutationstaffnotificationrecipientupdate,True,3
mutationstaffnotificationrecipientdelete,False,0
mutationhomepagecollectionupdate,True,2
mutationshopdomainupdate,True,1
mutationshopsettingsupdate,True,19
mutationshopfetchtaxrates,True,1
mutationshopsettingstranslate,True,1
mutationshopaddressupdate,True,2
mutationshippingpricecreate,True,12
mutationshippingpricedelete,True,1
mutationshippingpricebulkdelete,True,1
mutationshippingpriceupdate,True,1
mutationshippingpricetranslate,True,2
mutationshippingzonecreate,True,5
mutationshippingzonedelete,True,1
mutationshippingzonebulkdelete,True,1
mutationshippingzoneupdate,True,8
mutationattributecreate,True,8
mutationattributedelete,True,1
mutationattributebulkdelete,True,1
mutationattributeassign,True,8
mutationattributeunassign,True,2
mutationattributeupdate,True,16
mutationattributetranslate,True,2
mutationattributevaluecreate,True,3
mutationattributevaluedelete,True,1
mutationattributevaluebulkdelete,True,1
mutationattributevalueupdate,True,2
mutationattributevaluetranslate,True,2
mutationattributereordervalues,True,3
mutationcategorycreate,True,8
mutationcategorydelete,True,4
mutationcategorybulkdelete,True,2
mutationcategoryupdate,True,12
mutationcategorytranslate,True,2
mutationcollectionaddproducts,True,2
mutationcollectioncreate,True,6
mutationcollectiondelete,True,1
mutationcollectionreorderproducts,True,3
mutationcollectionbulkdelete,True,1
mutationcollectionbulkpublish,True,2
mutationcollectionremoveproducts,True,2
mutationcollectionupdate,True,13
mutationcollectiontranslate,True,2
mutationproductcreate,True,30
mutationproductdelete,True,2
mutationproductbulkdelete,True,1
mutationproductbulkpublish,True,2
mutationproductupdate,True,27
mutationproducttranslate,True,2
mutationproductsetavailabilityforpurchase,True,7
mutationproductimagecreate,False,0
mutationproductvariantreorder,True,2
mutationproductimagedelete,True,2
mutationproductimagebulkdelete,True,1
mutationproductimagereorder,True,1
mutationproductimageupdate,True,1
mutationproducttypecreate,True,7
mutationproducttypedelete,True,2
mutationproducttypebulkdelete,True,1
mutationproducttypeupdate,True,13
mutationproducttypereorderattributes,True,4
mutationdigitalcontentcreate,False,0
mutationdigitalcontentdelete,True,1
mutationdigitalcontentupdate,True,2
mutationdigitalcontenturlcreate,True,1
mutationproductvariantcreate,True,9
mutationproductvariantdelete,True,6
mutationproductvariantbulkcreate,True,14
mutationproductvariantbulkdelete,True,5
mutationproductvariantstockscreate,True,6
mutationproductvariantstocksdelete,True,3
mutationproductvariantstocksupdate,True,4
mutationproductvariantupdate,True,19
mutationproductvariantsetdefault,True,3
mutationproductvarianttranslate,True,2
mutationvariantimageassign,True,3
mutationvariantimageunassign,True,2
mutationpaymentcapture,True,5
mutationpaymentrefund,True,3
mutationpaymentvoid,True,2
mutationpagecreate,True,3
mutationpagedelete,True,1
mutationpagebulkdelete,True,1
mutationpagebulkpublish,True,2
mutationpageupdate,True,6
mutationpagetranslate,True,2
mutationdraftordercomplete,True,8
mutationdraftordercreate,True,3
mutationdraftorderdelete,True,1
mutationdraftorderbulkdelete,True,1
mutationdraftorderlinesbulkdelete,True,2
mutationdraftorderlinescreate,True,3
mutationdraftorderlinedelete,True,2
mutationdraftorderlineupdate,True,3
mutationdraftorderupdate,True,4
mutationorderaddnote,True,4
mutationordercancel,True,2
mutationordercapture,True,2
mutationorderfulfill,True,11
mutationorderfulfillmentcancel,True,2
mutationorderfulfillmentupdatetracking,True,3
mutationordermarkaspaid,True,3
mutationorderrefund,True,2
mutationorderupdate,True,4
mutationorderupdateshipping,True,6
mutationordervoid,True,3
mutationorderbulkcancel,True,2
mutationdeletemetadata,True,24
mutationdeleteprivatemetadata,True,23
mutationupdatemetadata,True,25
mutationupdateprivatemetadata,True,27
mutationassignnavigation,True,3
mutationmenucreate,True,3
mutationmenudelete,True,1
mutationmenubulkdelete,True,1
mutationmenuupdate,True,3
mutationmenuitemcreate,True,1
mutationmenuitemdelete,True,1
mutationmenuitembulkdelete,True,2
mutationmenuitemupdate,True,2
mutationmenuitemtranslate,True,1
mutationmenuitemmove,True,7
mutationinvoicerequest,True,5
mutationinvoicerequestdelete,True,3
mutationinvoicecreate,True,5
mutationinvoicedelete,True,2
mutationinvoiceupdate,True,4
mutationinvoicesendemail,True,4
mutationgiftcardactivate,True,3
mutationgiftcardcreate,True,9
mutationgiftcarddeactivate,True,3
mutationgiftcardupdate,True,2
mutationpluginupdate,True,4
mutationsalecreate,True,2
mutationsaledelete,True,2
mutationsalebulkdelete,True,1
mutationsaleupdate,True,2
mutationsalecataloguesadd,True,4
mutationsalecataloguesremove,True,2
mutationsaletranslate,True,1
mutationvouchercreate,True,5
mutationvoucherdelete,True,1
mutationvoucherbulkdelete,True,1
mutationvoucherupdate,True,1
mutationvouchercataloguesadd,True,3
mutationvouchercataloguesremove,True,1
mutationvouchertranslate,True,2
mutationexportproducts,True,6
mutationcheckoutaddpromocode,True,18
mutationcheckoutbillingaddressupdate,True,5
mutationcheckoutcomplete,True,28
mutationcheckoutcreate,True,30
mutationcheckoutcustomerattach,True,2
mutationcheckoutcustomerdetach,True,1
mutationcheckoutemailupdate,True,3
mutationcheckoutlinedelete,True,3
mutationcheckoutlinesadd,True,8
mutationcheckoutlinesupdate,True,8
mutationcheckoutremovepromocode,True,5
mutationcheckoutpaymentcreate,True,13
mutationcheckoutshippingaddressupdate,True,11
mutationcheckoutshippingmethodupdate,True,7
mutationappcreate,True,1
mutationappupdate,True,9
mutationappdelete,True,5
mutationapptokencreate,True,5
mutationapptokendelete,True,4
mutationapptokenverify,True,2
mutationappinstall,True,1
mutationappretryinstall,True,5
mutationappdeletefailedinstallation,True,5
mutationappfetchmanifest,True,4
mutationappactivate,True,5
mutationappdeactivate,True,6
mutationtokencreate,True,8
mutationtokenrefresh,True,10
mutationtokenverify,True,8
mutationtokensdeactivateall,True,1
mutationrequestpasswordreset,True,6
mutationconfirmaccount,True,3
mutationsetpassword,True,4
mutationpasswordchange,True,3
mutationrequestemailchange,True,4
mutationconfirmemailchange,True,2
mutationaccountaddresscreate,True,4
mutationaccountaddressupdate,True,3
mutationaccountaddressdelete,True,2
mutationaccountsetdefaultaddress,True,4
mutationaccountregister,True,2
mutationaccountupdate,True,3
mutationaccountrequestdeletion,True,4
mutationaccountdelete,True,3
mutationaddresscreate,True,1
mutationaddressupdate,True,2
mutationaddressdelete,True,2
mutationaddresssetdefault,True,2
mutationcustomercreate,True,5
mutationcustomerupdate,True,3
mutationcustomerdelete,True,1
mutationcustomerbulkdelete,True,1
mutationstaffcreate,True,8
mutationstaffupdate,True,10
mutationstaffdelete,True,5
mutationstaffbulkdelete,True,8
mutationuseravatarupdate,False,0
mutationuseravatardelete,True,1
mutationuserbulksetactive,True,4
mutationpermissiongroupcreate,True,10
mutationpermissiongroupupdate,True,29
mutationpermissiongroupdelete,True,7
webhookcreatewebhookerrors,False,0
webhookcreatewebhook,True,8
errorfield,False,0
errormessage,False,0
webhookerrorfield,True,5
webhookerrormessage,True,5
webhookerrorcode,True,5
webhookdeletewebhookerrors,True,5
webhookdeletewebhook,False,0
webhookupdatewebhookerrors,False,0
webhookupdatewebhook,True,3
warehousecreatewarehouseerrors,True,7
warehousecreatewarehouse,True,7
warehouseerrorfield,True,26
warehouseerrormessage,True,26
warehouseerrorcode,True,26
warehouseupdatewarehouseerrors,True,14
warehouseupdatewarehouse,True,14
warehousedeletewarehouseerrors,True,2
warehousedeletewarehouse,False,0
warehouseshippingzoneassignwarehouseerrors,True,2
warehouseshippingzoneassignwarehouse,False,0
warehouseshippingzoneunassignwarehouseerrors,True,1
warehouseshippingzoneunassignwarehouse,False,0
authorizationkeyaddauthorizationkey,True,1
authorizationkeyaddshop,False,0
authorizationkeyaddshoperrors,False,0
shoperrorfield,True,12
shoperrormessage,True,12
shoperrorcode,True,12
authorizationkeydeleteauthorizationkey,True,1
authorizationkeydeleteshop,False,0
authorizationkeydeleteshoperrors,False,0
staffnotificationrecipientcreateshoperrors,True,5
staffnotificationrecipientcreatestaffnotificationrecipient,True,5
staffnotificationrecipientupdateshoperrors,True,3
staffnotificationrecipientupdatestaffnotificationrecipient,True,3
staffnotificationrecipientdeleteshoperrors,False,0
staffnotificationrecipientdeletestaffnotificationrecipient,False,0
homepagecollectionupdateshop,True,2
homepagecollectionupdateshoperrors,False,0
shopdomainupdateshop,True,1
shopdomainupdateshoperrors,False,0
shopsettingsupdateshop,True,19
shopsettingsupdateshoperrors,True,4
shopfetchtaxratesshop,False,0
shopfetchtaxratesshoperrors,False,0
shopsettingstranslateshop,True,1
shopsettingstranslatetranslationerrors,False,0
translationerrorfield,False,0
translationerrormessage,False,0
translationerrorcode,False,0
shopaddressupdateshop,False,0
shopaddressupdateshoperrors,False,0
shippingpricecreateshippingzone,True,12
shippingpricecreateshippingerrors,True,19
shippingpricecreateshippingmethod,True,12
shippingerrorfield,True,33
shippingerrormessage,False,0
shippingerrorcode,True,33
shippingerrorwarehouses,True,8
shippingpricedeleteshippingmethod,True,1
shippingpricedeleteshippingzone,True,1
shippingpricedeleteshippingerrors,False,0
shippingpricebulkdeletecount,True,1
shippingpricebulkdeleteshippingerrors,False,0
shippingpriceupdateshippingzone,True,1
shippingpriceupdateshippingerrors,True,1
shippingpriceupdateshippingmethod,True,1
shippingpricetranslatetranslationerrors,False,0
shippingpricetranslateshippingmethod,True,2
shippingzonecreateshippingerrors,True,5
shippingzonecreateshippingzone,True,5
shippingzonedeleteshippingerrors,False,0
shippingzonedeleteshippingzone,True,1
shippingzonebulkdeletecount,True,1
shippingzonebulkdeleteshippingerrors,False,0
shippingzoneupdateshippingerrors,True,8
shippingzoneupdateshippingzone,True,8
attributecreateattribute,True,8
attributecreateproducterrors,True,8
producterrorfield,True,165
producterrormessage,True,142
producterrorcode,True,164
producterrorattributes,True,28
attributedeleteproducterrors,False,0
attributedeleteattribute,True,1
attributebulkdeletecount,True,1
attributebulkdeleteproducterrors,False,0
attributeassignproducttype,True,8
attributeassignproducterrors,True,8
attributeunassignproducttype,True,2
attributeunassignproducterrors,False,0
attributeupdateattribute,True,16
attributeupdateproducterrors,True,16
attributetranslatetranslationerrors,False,0
attributetranslateattribute,True,2
attributeupdatemetaproducterrors,False,0
attributeupdatemetaattribute,False,0
attributeclearmetaproducterrors,False,0
attributeclearmetaattribute,False,0
attributeupdateprivatemetaproducterrors,False,0
attributeupdateprivatemetaattribute,False,0
attributeclearprivatemetaproducterrors,False,0
attributeclearprivatemetaattribute,False,0
attributevaluecreateattribute,True,3
attributevaluecreateproducterrors,True,3
attributevaluecreateattributevalue,True,3
attributevaluedeleteattribute,False,0
attributevaluedeleteproducterrors,False,0
attributevaluedeleteattributevalue,True,1
attributevaluebulkdeletecount,True,1
attributevaluebulkdeleteproducterrors,False,0
attributevalueupdateattribute,True,2
attributevalueupdateproducterrors,False,0
attributevalueupdateattributevalue,True,2
attributevaluetranslatetranslationerrors,False,0
attributevaluetranslateattributevalue,True,2
attributereordervaluesattribute,True,3
attributereordervaluesproducterrors,False,0
categorycreateproducterrors,True,7
categorycreatecategory,True,8
categorydeleteproducterrors,False,0
categorydeletecategory,True,4
categorybulkdeletecount,True,2
categorybulkdeleteproducterrors,False,0
categoryupdateproducterrors,True,10
categoryupdatecategory,True,11
categorytranslatetranslationerrors,False,0
categorytranslatecategory,True,2
categoryupdatemetaproducterrors,False,0
categoryupdatemetacategory,False,0
categoryclearmetaproducterrors,False,0
categoryclearmetacategory,False,0
categoryupdateprivatemetaproducterrors,False,0
categoryupdateprivatemetacategory,False,0
categoryclearprivatemetaproducterrors,False,0
categoryclearprivatemetacategory,False,0
collectionaddproductscollection,True,2
collectionaddproductsproducterrors,False,0
collectioncreateproducterrors,True,6
collectioncreatecollection,True,6
collectiondeleteproducterrors,False,0
collectiondeletecollection,True,1
collectionreorderproductscollection,True,3
collectionreorderproductsproducterrors,False,0
collectionbulkdeletecount,True,1
collectionbulkdeleteproducterrors,False,0
collectionbulkpublishcount,True,2
collectionbulkpublishproducterrors,False,0
collectionremoveproductscollection,True,2
collectionremoveproductsproducterrors,False,0
collectionupdateproducterrors,True,10
collectionupdatecollection,True,13
collectiontranslatetranslationerrors,False,0
collectiontranslatecollection,True,2
collectionupdatemetaproducterrors,False,0
collectionupdatemetacollection,False,0
collectionclearmetaproducterrors,False,0
collectionclearmetacollection,False,0
collectionupdateprivatemetaproducterrors,False,0
collectionupdateprivatemetacollection,False,0
collectionclearprivatemetaproducterrors,False,0
collectionclearprivatemetacollection,False,0
productcreateproducterrors,True,25
productcreateproduct,True,30
productdeleteproducterrors,False,0
productdeleteproduct,True,2
productbulkdeletecount,True,1
productbulkdeleteproducterrors,False,0
productbulkpublishcount,True,2
productbulkpublishproducterrors,False,0
productupdateproducterrors,True,20
productupdateproduct,True,21
producttranslatetranslationerrors,False,0
producttranslateproduct,True,2
productupdatemetaproducterrors,False,0
productupdatemetaproduct,False,0
productclearmetaproducterrors,False,0
productclearmetaproduct,False,0
productupdateprivatemetaproducterrors,False,0
productupdateprivatemetaproduct,False,0
productclearprivatemetaproducterrors,False,0
productclearprivatemetaproduct,False,0
productsetavailabilityforpurchaseproduct,True,7
productsetavailabilityforpurchaseproducterrors,True,7
productimagecreateproduct,False,0
productimagecreateimage,False,0
productimagecreateproducterrors,False,0
productvariantreorderproduct,False,0
productvariantreorderproducterrors,True,2
productimagedeleteproduct,False,0
productimagedeleteimage,True,1
productimagedeleteproducterrors,False,0
productimagebulkdeletecount,True,1
productimagebulkdeleteproducterrors,False,0
productimagereorderproduct,True,1
productimagereorderimages,False,0
productimagereorderproducterrors,False,0
productimageupdateproduct,False,0
productimageupdateimage,True,1
productimageupdateproducterrors,False,0
producttypecreateproducterrors,True,7
producttypecreateproducttype,True,7
producttypedeleteproducterrors,False,0
producttypedeleteproducttype,True,2
producttypebulkdeletecount,True,1
producttypebulkdeleteproducterrors,False,0
producttypeupdateproducterrors,True,11
producttypeupdateproducttype,True,13
producttypereorderattributesproducttype,True,4
producttypereorderattributesproducterrors,False,0
producttypeupdatemetaproducterrors,False,0
producttypeupdatemetaproducttype,False,0
producttypeclearmetaproducterrors,False,0
producttypeclearmetaproducttype,False,0
producttypeupdateprivatemetaproducterrors,False,0
producttypeupdateprivatemetaproducttype,False,0
producttypeclearprivatemetaproducterrors,False,0
producttypeclearprivatemetaproducttype,False,0
digitalcontentcreatevariant,False,0
digitalcontentcreatecontent,False,0
digitalcontentcreateproducterrors,False,0
digitalcontentdeletevariant,True,1
digitalcontentdeleteproducterrors,False,0
digitalcontentupdatevariant,True,2
digitalcontentupdatecontent,True,2
digitalcontentupdateproducterrors,True,1
digitalcontenturlcreateproducterrors,False,0
digitalcontenturlcreatedigitalcontenturl,True,1
productvariantcreateproducterrors,True,9
productvariantcreateproductvariant,True,9
productvariantdeleteproducterrors,False,0
productvariantdeleteproductvariant,True,6
productvariantbulkcreatecount,True,14
productvariantbulkcreateproductvariants,True,14
productvariantbulkcreatebulkproducterrors,True,14
bulkproducterrorfield,True,14
bulkproducterrormessage,True,14
bulkproducterrorcode,True,14
bulkproducterrorattributes,False,0
bulkproducterrorindex,True,14
bulkproducterrorwarehouses,True,13
productvariantbulkdeletecount,True,5
productvariantbulkdeleteproducterrors,False,0
productvariantstockscreateproductvariant,True,6
productvariantstockscreatebulkstockerrors,True,6
bulkstockerrorfield,True,10
bulkstockerrormessage,True,10
bulkstockerrorcode,True,10
bulkstockerrorattributes,False,0
bulkstockerrorindex,True,10
productvariantstocksdeleteproductvariant,True,3
productvariantstocksdeletestockerrors,True,3
stockerrorfield,True,3
stockerrormessage,True,3
stockerrorcode,True,3
productvariantstocksupdateproductvariant,True,4
productvariantstocksupdatebulkstockerrors,True,4
productvariantupdateproducterrors,True,12
productvariantupdateproductvariant,True,10
productvariantsetdefaultproduct,True,3
productvariantsetdefaultproducterrors,True,3
productvarianttranslatetranslationerrors,False,0
productvarianttranslateproductvariant,True,2
productvariantupdatemetaproducterrors,False,0
productvariantupdatemetaproductvariant,False,0
productvariantclearmetaproducterrors,False,0
productvariantclearmetaproductvariant,False,0
productvariantupdateprivatemetaproducterrors,False,0
productvariantupdateprivatemetaproductvariant,False,0
productvariantclearprivatemetaproducterrors,False,0
productvariantclearprivatemetaproductvariant,False,0
variantimageassignproductvariant,True,3
variantimageassignimage,False,0
variantimageassignproducterrors,False,0
variantimageunassignproductvariant,True,2
variantimageunassignimage,False,0
variantimageunassignproducterrors,False,0
paymentcapturepayment,True,5
paymentcapturepaymenterrors,False,0
paymenterrorfield,True,12
paymenterrormessage,True,3
paymenterrorcode,True,12
paymentrefundpayment,True,3
paymentrefundpaymenterrors,False,0
paymentvoidpayment,True,2
paymentvoidpaymenterrors,False,0
pagecreatepageerrors,True,3
pagecreatepage,True,3
pageerrorfield,True,10
pageerrormessage,True,10
pageerrorcode,True,10
pagedeletepageerrors,True,1
pagedeletepage,True,1
pagebulkdeletecount,True,1
pagebulkdeletepageerrors,False,0
pagebulkpublishcount,True,2
pagebulkpublishpageerrors,False,0
pageupdatepageerrors,True,6
pageupdatepage,True,6
pagetranslatetranslationerrors,False,0
pagetranslatepage,True,2
draftordercompleteorder,True,8
draftordercompleteordererrors,True,8
ordererrorfield,True,38
ordererrormessage,True,23
ordererrorcode,True,39
ordererrorwarehouse,True,11
ordererrororderline,True,11
draftordercreateordererrors,True,3
draftordercreateorder,True,3
draftorderdeleteordererrors,False,0
draftorderdeleteorder,True,1
draftorderbulkdeletecount,True,1
draftorderbulkdeleteordererrors,False,0
draftorderlinesbulkdeletecount,True,2
draftorderlinesbulkdeleteordererrors,False,0
draftorderlinescreateorder,True,3
draftorderlinescreateorderlines,True,3
draftorderlinescreateordererrors,False,0
draftorderlinedeleteorder,True,2
draftorderlinedeleteorderline,True,2
draftorderlinedeleteordererrors,False,0
draftorderlineupdateorder,True,3
draftorderlineupdateordererrors,False,0
draftorderlineupdateorderline,True,3
draftorderupdateordererrors,True,3
draftorderupdateorder,True,3
orderaddnoteorder,True,4
orderaddnoteevent,True,3
orderaddnoteordererrors,True,4
ordercancelorder,True,2
ordercancelordererrors,True,2
ordercaptureorder,True,1
ordercaptureordererrors,False,0
orderclearprivatemetaorder,False,0
orderclearmetaorder,False,0
orderfulfillfulfillments,False,0
orderfulfillorder,False,0
orderfulfillordererrors,True,11
fulfillmentcancelfulfillment,True,2
fulfillmentcancelorder,True,2
fulfillmentcancelordererrors,False,0
fulfillmentupdatetrackingfulfillment,True,3
fulfillmentupdatetrackingorder,False,0
fulfillmentupdatetrackingordererrors,False,0
fulfillmentclearmetafulfillment,False,0
fulfillmentclearprivatemetafulfillment,False,0
fulfillmentupdatemetafulfillment,False,0
fulfillmentupdateprivatemetafulfillment,False,0
ordermarkaspaidorder,True,2
ordermarkaspaidordererrors,True,2
orderrefundorder,True,1
orderrefundordererrors,False,0
orderupdateordererrors,True,2
orderupdateorder,True,4
orderupdatemetaorder,False,0
orderupdateprivatemetaorder,False,0
orderupdateshippingorder,True,6
orderupdateshippingordererrors,False,0
ordervoidorder,True,2
ordervoidordererrors,True,2
orderbulkcancelcount,True,2
orderbulkcancelordererrors,True,2
deletemetadatametadataerrors,True,24
deletemetadataitem,True,24
metadataerrorfield,True,99
metadataerrormessage,True,25
metadataerrorcode,True,99
deleteprivatemetadatametadataerrors,True,23
deleteprivatemetadataitem,True,23
updatemetadatametadataerrors,True,25
updatemetadataitem,True,25
updateprivatemetadatametadataerrors,True,27
updateprivatemetadataitem,True,27
assignnavigationmenu,True,3
assignnavigationmenuerrors,False,0
menuerrorfield,True,3
menuerrormessage,False,0
menuerrorcode,True,3
menucreatemenuerrors,False,0
menucreatemenu,True,3
menudeletemenuerrors,False,0
menudeletemenu,True,1
menubulkdeletecount,True,1
menubulkdeletemenuerrors,False,0
menuupdatemenuerrors,True,3
menuupdatemenu,True,3
menuitemcreatemenuerrors,False,0
menuitemcreatemenuitem,True,1
menuitemdeletemenuerrors,False,0
menuitemdeletemenuitem,True,1
menuitembulkdeletecount,True,2
menuitembulkdeletemenuerrors,False,0
menuitemupdatemenuerrors,False,0
menuitemupdatemenuitem,True,2
menuitemtranslatetranslationerrors,False,0
menuitemtranslatemenuitem,True,1
menuitemmovemenu,True,7
menuitemmovemenuerrors,False,0
invoicerequestorder,True,5
invoicerequestinvoiceerrors,True,5
invoicerequestinvoice,True,5
invoiceerrorfield,True,23
invoiceerrormessage,False,0
invoiceerrorcode,True,23
invoicerequestdeleteinvoiceerrors,True,3
invoicerequestdeleteinvoice,False,0
invoicecreateinvoiceerrors,True,5
invoicecreateinvoice,True,5
invoicedeleteinvoiceerrors,True,2
invoicedeleteinvoice,False,0
invoiceupdateinvoiceerrors,True,4
invoiceupdateinvoice,True,4
invoicesendemailinvoiceerrors,True,4
invoicesendemailinvoice,False,0
giftcardactivategiftcard,True,3
giftcardactivategiftcarderrors,False,0
giftcarderrorfield,True,9
giftcarderrormessage,True,9
giftcarderrorcode,True,9
giftcardcreategiftcarderrors,True,9
giftcardcreategiftcard,True,9
giftcarddeactivategiftcard,True,3
giftcarddeactivategiftcarderrors,False,0
giftcardupdategiftcarderrors,False,0
giftcardupdategiftcard,True,2
pluginupdateplugin,True,4
pluginupdatepluginserrors,True,4
pluginerrorfield,True,4
pluginerrormessage,False,0
pluginerrorcode,True,4
salecreatediscounterrors,True,1
salecreatesale,True,2
discounterrorfield,True,18
discounterrormessage,True,18
discounterrorcode,True,18
saledeletediscounterrors,True,1
saledeletesale,True,2
salebulkdeletecount,True,1
salebulkdeletediscounterrors,False,0
saleupdatediscounterrors,True,1
saleupdatesale,True,2
saleaddcataloguessale,False,0
saleaddcataloguesdiscounterrors,True,3
saleremovecataloguessale,False,0
saleremovecataloguesdiscounterrors,True,1
saletranslatetranslationerrors,False,0
saletranslatesale,True,1
vouchercreatediscounterrors,True,5
vouchercreatevoucher,True,5
voucherdeletediscounterrors,True,1
voucherdeletevoucher,True,1
voucherbulkdeletecount,True,1
voucherbulkdeletediscounterrors,False,0
voucherupdatediscounterrors,True,1
voucherupdatevoucher,True,1
voucheraddcataloguesvoucher,False,0
voucheraddcataloguesdiscounterrors,True,3
voucherremovecataloguesvoucher,False,0
voucherremovecataloguesdiscounterrors,True,1
vouchertranslatetranslationerrors,False,0
vouchertranslatevoucher,True,2
exportproductsexportfile,True,6
exportproductsexporterrors,True,6
exporterrorfield,True,6
exporterrormessage,True,6
exporterrorcode,True,6
checkoutaddpromocodecheckout,True,18
checkoutaddpromocodecheckouterrors,True,1
checkouterrorfield,True,90
checkouterrormessage,True,90
checkouterrorcode,True,90
checkouterrorvariants,True,30
checkoutbillingaddressupdatecheckout,True,5
checkoutbillingaddressupdatecheckouterrors,True,3
checkoutcompleteorder,True,28
checkoutcompleteconfirmationneeded,True,27
checkoutcompleteconfirmationdata,True,27
checkoutcompletecheckouterrors,True,27
checkoutcreatecreated,True,22
checkoutcreatecheckouterrors,True,29
checkoutcreatecheckout,True,30
checkoutcustomerattachcheckout,True,2
checkoutcustomerattachcheckouterrors,False,0
checkoutcustomerdetachcheckout,True,1
checkoutcustomerdetachcheckouterrors,False,0
checkoutemailupdatecheckout,True,3
checkoutemailupdatecheckouterrors,True,2
checkoutlinedeletecheckout,True,3
checkoutlinedeletecheckouterrors,False,0
checkoutlinesaddcheckout,True,8
checkoutlinesaddcheckouterrors,True,8
checkoutlinesupdatecheckout,True,8
checkoutlinesupdatecheckouterrors,True,7
checkoutremovepromocodecheckout,True,5
checkoutremovepromocodecheckouterrors,False,0
checkoutpaymentcreatecheckout,True,3
checkoutpaymentcreatepayment,True,12
checkoutpaymentcreatepaymenterrors,True,12
checkoutshippingaddressupdatecheckout,True,11
checkoutshippingaddressupdatecheckouterrors,True,10
checkoutshippingmethodupdatecheckout,True,7
checkoutshippingmethodupdatecheckouterrors,True,3
checkoutupdatemetacheckouterrors,False,0
checkoutupdatemetacheckout,False,0
checkoutclearmetacheckouterrors,False,0
checkoutclearmetacheckout,False,0
checkoutupdateprivatemetacheckouterrors,False,0
checkoutupdateprivatemetacheckout,False,0
checkoutclearprivatemetacheckouterrors,False,0
checkoutclearprivatemetacheckout,False,0
appcreateauthtoken,True,1
appcreateapperrors,True,1
appcreateapp,True,1
apperrorfield,True,50
apperrormessage,True,50
apperrorcode,True,50
apperrorpermissions,True,21
appupdateapperrors,True,9
appupdateapp,True,9
appdeleteapperrors,True,5
appdeleteapp,True,5
apptokencreateauthtoken,True,5
apptokencreateapperrors,True,5
apptokencreateapptoken,True,5
apptokendeleteapperrors,True,4
apptokendeleteapptoken,True,4
apptokenverifyvalid,True,2
apptokenverifyapperrors,False,0
appinstallapperrors,True,1
appinstallappinstallation,True,1
appretryinstallapperrors,True,5
appretryinstallappinstallation,True,5
appdeletefailedinstallationapperrors,True,5
appdeletefailedinstallationappinstallation,False,0
appfetchmanifestmanifest,True,4
appfetchmanifestapperrors,True,4
manifestidentifier,True,4
manifestversion,True,4
manifestname,True,4
manifestabout,True,4
manifestpermissions,True,4
manifestappurl,True,4
manifestconfigurationurl,True,4
manifesttokentargeturl,True,4
manifestdataprivacy,True,4
manifestdataprivacyurl,True,4
manifesthomepageurl,True,4
manifestsupporturl,True,4
appactivateapperrors,True,5
appactivateapp,True,5
appdeactivateapperrors,True,6
appdeactivateapp,True,6
createtokentoken,True,8
createtokenrefreshtoken,True,4
createtokencsrftoken,True,7
createtokenuser,True,7
createtokenaccounterrors,True,7
accounterrorfield,True,32
accounterrormessage,True,20
accounterrorcode,True,44
refreshtokentoken,True,10
refreshtokenuser,False,0
refreshtokenaccounterrors,True,10
verifytokenuser,True,8
verifytokenisvalid,True,5
verifytokenpayload,True,3
verifytokenaccounterrors,True,5
deactivateallusertokensaccounterrors,True,1
requestpasswordresetaccounterrors,False,0
confirmaccountuser,True,3
confirmaccountaccounterrors,True,3
setpasswordtoken,True,4
setpasswordrefreshtoken,True,4
setpasswordcsrftoken,False,0
setpassworduser,True,4
setpasswordaccounterrors,True,4
passwordchangeuser,True,3
passwordchangeaccounterrors,False,0
requestemailchangeuser,True,4
requestemailchangeaccounterrors,True,4
confirmemailchangeuser,True,2
confirmemailchangeaccounterrors,True,2
accountaddresscreateuser,True,4
accountaddresscreateaccounterrors,False,0
accountaddresscreateaddress,True,4
accountaddressupdateuser,True,3
accountaddressupdateaccounterrors,False,0
accountaddressupdateaddress,True,3
accountaddressdeleteuser,True,2
accountaddressdeleteaccounterrors,False,0
accountaddressdeleteaddress,True,2
accountsetdefaultaddressuser,False,0
accountsetdefaultaddressaccounterrors,False,0
accountregisterrequiresconfirmation,False,0
accountregisteraccounterrors,True,2
accountregisteruser,True,2
accountupdateaccounterrors,False,0
accountupdateuser,True,3
accountrequestdeletionaccounterrors,True,4
accountdeleteaccounterrors,False,0
accountdeleteuser,False,0
accountupdatemetaaccounterrors,False,0
accountupdatemetauser,False,0
addresscreateuser,True,1
addresscreateaccounterrors,False,0
addresscreateaddress,True,1
addressupdateuser,True,2
addressupdateaccounterrors,False,0
addressupdateaddress,True,2
addressdeleteuser,True,2
addressdeleteaccounterrors,False,0
addressdeleteaddress,True,2
addresssetdefaultuser,True,2
addresssetdefaultaccounterrors,False,0
customercreateaccounterrors,True,5
customercreateuser,True,5
customerupdateaccounterrors,False,0
customerupdateuser,True,1
customerdeleteaccounterrors,False,0
customerdeleteuser,True,1
customerbulkdeletecount,True,1
customerbulkdeleteaccounterrors,False,0
staffcreatestafferrors,True,8
staffcreateuser,True,8
stafferrorfield,True,31
stafferrormessage,True,14
stafferrorcode,True,31
stafferrorpermissions,True,30
stafferrorgroups,True,18
stafferrorusers,True,8
staffupdatestafferrors,True,10
staffupdateuser,True,10
staffdeletestafferrors,True,5
staffdeleteuser,True,4
staffbulkdeletecount,True,8
staffbulkdeletestafferrors,True,8
useravatarupdateuser,False,0
useravatarupdateaccounterrors,False,0
useravatardeleteuser,True,1
useravatardeleteaccounterrors,False,0
userbulksetactivecount,True,4
userbulksetactiveaccounterrors,False,0
userupdatemetaaccounterrors,False,0
userupdatemetauser,False,0
userclearmetaaccounterrors,False,0
userclearmetauser,False,0
userupdateprivatemetaaccounterrors,False,0
userupdateprivatemetauser,False,0
userclearprivatemetaaccounterrors,False,0
userclearprivatemetauser,False,0
serviceaccountcreateauthtoken,False,0
serviceaccountcreateaccounterrors,False,0
serviceaccountcreateserviceaccount,False,0
serviceaccountupdateaccounterrors,False,0
serviceaccountupdateserviceaccount,False,0
serviceaccountdeleteaccounterrors,False,0
serviceaccountdeleteserviceaccount,False,0
serviceaccountupdateprivatemetaaccounterrors,False,0
serviceaccountupdateprivatemetaserviceaccount,False,0
serviceaccountclearprivatemetaaccounterrors,False,0
serviceaccountclearprivatemetaserviceaccount,False,0
serviceaccounttokencreateauthtoken,False,0
serviceaccounttokencreateaccounterrors,False,0
serviceaccounttokencreateserviceaccounttoken,False,0
serviceaccounttokendeleteaccounterrors,False,0
serviceaccounttokendeleteserviceaccounttoken,False,0
permissiongroupcreatepermissiongrouperrors,True,10
permissiongroupcreategroup,True,10
permissiongrouperrorfield,True,46
permissiongrouperrormessage,True,46
permissiongrouperrorcode,True,46
permissiongrouperrorpermissions,True,46
permissiongrouperrorusers,True,46
permissiongroupupdatepermissiongrouperrors,True,29
permissiongroupupdategroup,True,29
permissiongroupdeletepermissiongrouperrors,True,7
permissiongroupdeletegroup,True,7
